-- phpMyAdmin SQL Dump
-- version 3.3.7deb7
-- http://www.phpmyadmin.net
--
-- Host: localhost
-- Generation Time: Nov 27, 2015 at 10:17 AM
-- Server version: 5.1.73
-- PHP Version: 5.3.3-7+squeeze19

SET SQL_MODE="NO_AUTO_VALUE_ON_ZERO";


/*!40101 SET @OLD_CHARACTER_SET_CLIENT=@@CHARACTER_SET_CLIENT */;
/*!40101 SET @OLD_CHARACTER_SET_RESULTS=@@CHARACTER_SET_RESULTS */;
/*!40101 SET @OLD_COLLATION_CONNECTION=@@COLLATION_CONNECTION */;
/*!40101 SET NAMES utf8 */;

--
-- Database: `flau`
--

-- --------------------------------------------------------

--
-- Table structure for table `about_slider`
--

CREATE TABLE IF NOT EXISTS `about_slider` (
  `id` int(11) NOT NULL AUTO_INCREMENT,
  `img` varchar(255) NOT NULL,
  `text` text NOT NULL,
  PRIMARY KEY (`id`)
) ENGINE=InnoDB  DEFAULT CHARSET=utf8 AUTO_INCREMENT=9 ;

--
-- Dumping data for table `about_slider`
--

INSERT INTO `about_slider` (`id`, `img`, `text`) VALUES
(2, '/about/8f5238dfadf52e9db26e661e4b0524c4.jpg', '1-Мы делаем красивые свадебные букеты для невесты и её подружек, а также украшаем залы для церемонии, одежду, автомобили и другие вещи, которые в этот день должны выглядеть по особому.'),
(7, '/about/569ce5f527984c7dc5cf5d7e6f182ebe.jpg', '2-Мы делаем красивые свадебные букеты для невесты и её подружек, а также украшаем залы для церемонии, одежду, автомобили и другие вещи, которые в этот день должны выглядеть по особому.'),
(8, '/about/8c4e4eb137195389787ddbdd737af662.jpg', '3-Мы делаем красивые свадебные букеты для невесты и её подружек, а также украшаем залы для церемонии, одежду, автомобили и другие вещи, которые в этот день должны выглядеть по особому.');

-- --------------------------------------------------------

--
-- Table structure for table `actions`
--

CREATE TABLE IF NOT EXISTS `actions` (
  `id` int(11) NOT NULL AUTO_INCREMENT,
  `type` text NOT NULL,
  `datetime` datetime NOT NULL,
  `admin` enum('0','1') NOT NULL,
  `visibly` enum('1','0') NOT NULL,
  `name` varchar(255) NOT NULL,
  `value` int(11) NOT NULL,
  `title` text NOT NULL,
  `description` text NOT NULL,
  `hot` tinyint(1) NOT NULL DEFAULT '0',
  `img` text NOT NULL,
  `size` varchar(255) NOT NULL,
  `preview` text NOT NULL,
  `meta_title` varchar(255) NOT NULL,
  `meta_keywords` varchar(255) NOT NULL,
  `meta_description` text NOT NULL,
  PRIMARY KEY (`id`)
) ENGINE=InnoDB  DEFAULT CHARSET=utf8 AUTO_INCREMENT=7 ;

--
-- Dumping data for table `actions`
--

INSERT INTO `actions` (`id`, `type`, `datetime`, `admin`, `visibly`, `name`, `value`, `title`, `description`, `hot`, `img`, `size`, `preview`, `meta_title`, `meta_keywords`, `meta_description`) VALUES
(1, 'category', '0000-00-00 00:00:00', '0', '1', 'Тюльпаны на 8 Марта', 0, 'Предзаказ на букеты из тюльпанов', 'Закажите шикарный букет из тюльпанов разных, необычных, удивительно красивых сортов для любимой мамы, дорогой бабушки, самой лучшей жене или подруге в этот весенний женский праздник!\n\n<b>Заказы</b> на букеты из <a href="/catalog/tulip"><b>тюльпанов</b> </a><b>принимаются до 6 марта</b>.\n\nЕсли вы хотите скомбинировать несколько сортов или иное количество цветков в букете, свяжитесь с нами и мы сделаем букет по вашему желанию.\n\n<b>Бесплатная доставка по городу!</b>\n\nОплатить заказ можно любым удобным для вас способом: \n1) Курьеру наличными при получении,\n2) Яндекс.Деньгами,\n3) переводом на карту Сбербанка,\n4) переводом на карту Альфабанка.\n\nЧтобы сделать заказ оставьте завку на сайте с помощью корзины, по телефону <b>8 (937) 074-12-84</b> или почте <a href="mailto:my@flowersvillage.ru"><b>my@flowersvillage.ru</b></a>. Мы свяжемся с вами в течение часа, чтобы обговорить детали.\n\n<b>Мы делаем скидки!</b> Успейте заказать потрясающий букет из свежесрезанных тюльпанов до 6 марта, чтобы 8 марта не беспокоиться о подарках для своих любимых дам.', 1, '|/230x225/92f4017554e8122dccf07eda86762d01.jpg', '460x452', '|/460x452/087bb7a6be1bfeff5eb1d18463211b14.jpg', 'Купить тюльпаны с доставкой в Самаре', '', 'Закажите букет из тюльпанов до 6 марта и получите доставку в праздничный день бесплатно.'),
(2, 'product', '0000-00-00 00:00:00', '0', '0', 'Все букеты', 0, '50 букетов из роз, тюльпанов, лилий, хризантем и других свежих цветов всегда в наличии.', '', 1, '|/230x225/028c4c078086cd11b4b5e2434043b305.jpg', '460x224', '|/460x224/45ca328df2555ba23187157833931586.jpg', '', '', ''),
(4, 'product', '0000-00-00 00:00:00', '0', '0', 'Свадебные букеты', 0, '', '', 1, '|/230x225/bec5786539a9faddf2a9ac1b3c91aceb.jpg', '228x452', '|/228x452/dd4e114af81fea8d5c825972a48e8689.jpg', '', '', ''),
(5, 'product', '0000-00-00 00:00:00', '0', '0', 'Горшочные растения', 0, '23 вида различных горшочных растений наполнят ваш дом кислородом и будут радовать цветением постоянно.', '', 0, '|/230x225/5f9e4034f78b8b67957251719b811aa1.jpg', '228x452', '|/228x452/883b9c7e94e2aca029629dc085ca7399.jpg', '', '', ''),
(6, 'product', '0000-00-00 00:00:00', '0', '0', 'Подарки', 0, 'ggggg', 'Более 10 сортов роз разных ростовок, по низким\nценам - от 50 рублей штука\nБолее 10 сортов роз разных ростовок, по низким<br> ценам - от 50 рублей штука\nБолее 10 сортов роз разных ростовок, по низким<br> ценам - от 50 рублей штукаБолее 10 сортов роз разных ростовок, по низким<br> ценам - от 50 рублей штука', 0, '', '460x452', '|/460x452/525a46d9d6c12b58c78fd8f9ade498a1.jpg', '', '', '');

-- --------------------------------------------------------

--
-- Table structure for table `actions_category`
--

CREATE TABLE IF NOT EXISTS `actions_category` (
  `id` int(11) NOT NULL AUTO_INCREMENT,
  `action_id` int(11) NOT NULL,
  `cat_id` int(11) NOT NULL,
  `visibly` enum('1','0') NOT NULL,
  PRIMARY KEY (`id`)
) ENGINE=InnoDB  DEFAULT CHARSET=utf8 AUTO_INCREMENT=159 ;

--
-- Dumping data for table `actions_category`
--

INSERT INTO `actions_category` (`id`, `action_id`, `cat_id`, `visibly`) VALUES
(91, 6, 83, '1'),
(93, 4, 74, '1'),
(94, 3, 75, '1'),
(131, 2, 84, '1'),
(158, 1, 85, '1');

-- --------------------------------------------------------

--
-- Table structure for table `actions_category_product`
--

CREATE TABLE IF NOT EXISTS `actions_category_product` (
  `id` int(11) NOT NULL AUTO_INCREMENT,
  `action_id` int(11) NOT NULL,
  `prod_id` int(11) NOT NULL,
  `visibly` enum('1','0') NOT NULL,
  PRIMARY KEY (`id`)
) ENGINE=InnoDB  DEFAULT CHARSET=utf8 AUTO_INCREMENT=429 ;

--
-- Dumping data for table `actions_category_product`
--

INSERT INTO `actions_category_product` (`id`, `action_id`, `prod_id`, `visibly`) VALUES
(8, 6, 154, '1'),
(9, 6, 155, '1'),
(10, 6, 156, '1'),
(11, 5, 192, '1'),
(12, 4, 147, '1'),
(13, 4, 150, '1'),
(14, 4, 151, '1'),
(15, 4, 188, '1'),
(16, 4, 191, '1'),
(17, 4, 202, '1'),
(18, 4, 239, '1'),
(19, 3, 145, '1'),
(20, 3, 149, '1'),
(21, 3, 195, '1'),
(22, 3, 203, '1'),
(23, 3, 204, '1'),
(24, 3, 205, '1'),
(25, 3, 206, '1'),
(26, 3, 207, '1'),
(27, 3, 208, '1'),
(324, 2, 186, '1'),
(325, 2, 193, '1'),
(326, 2, 194, '1'),
(329, 2, 198, '1'),
(330, 2, 199, '1'),
(331, 2, 200, '1'),
(332, 2, 201, '1'),
(419, 1, 308, '1'),
(420, 1, 309, '1'),
(421, 1, 312, '1'),
(422, 1, 313, '1'),
(423, 1, 317, '1'),
(424, 1, 320, '1'),
(425, 1, 319, '1'),
(426, 1, 197, '1'),
(427, 1, 311, '1'),
(428, 1, 307, '1');

-- --------------------------------------------------------

--
-- Table structure for table `actions_products`
--

CREATE TABLE IF NOT EXISTS `actions_products` (
  `id` int(11) NOT NULL AUTO_INCREMENT,
  `product_id` int(11) NOT NULL,
  `action_id` int(11) NOT NULL,
  `visibly` enum('1','0') NOT NULL,
  PRIMARY KEY (`id`)
) ENGINE=InnoDB  DEFAULT CHARSET=utf8 AUTO_INCREMENT=19 ;

--
-- Dumping data for table `actions_products`
--

INSERT INTO `actions_products` (`id`, `product_id`, `action_id`, `visibly`) VALUES
(2, 139, 1, '1'),
(5, 186, 2, '1'),
(6, 186, 1, '1'),
(8, 209, 2, '1'),
(9, 209, 1, '1'),
(10, 152, 2, '1'),
(11, 140, 2, '1'),
(15, 333, 2, '1'),
(18, 312, 2, '1');

-- --------------------------------------------------------

--
-- Table structure for table `actions_types`
--

CREATE TABLE IF NOT EXISTS `actions_types` (
  `id` int(11) NOT NULL AUTO_INCREMENT,
  `type` varchar(255) NOT NULL,
  `name` varchar(255) NOT NULL,
  PRIMARY KEY (`id`)
) ENGINE=InnoDB  DEFAULT CHARSET=utf8 AUTO_INCREMENT=3 ;

--
-- Dumping data for table `actions_types`
--

INSERT INTO `actions_types` (`id`, `type`, `name`) VALUES
(1, 'product', 'Для товара'),
(2, 'category', 'Для категории');

-- --------------------------------------------------------

--
-- Table structure for table `banners`
--

CREATE TABLE IF NOT EXISTS `banners` (
  `id` int(11) NOT NULL AUTO_INCREMENT,
  `type` text NOT NULL,
  `datetime` datetime NOT NULL,
  `admin` enum('0','1') NOT NULL,
  `visibly` enum('1','0') NOT NULL,
  `name` varchar(255) NOT NULL,
  `value` int(11) NOT NULL,
  `title` text NOT NULL,
  `description` text NOT NULL,
  `hot` tinyint(1) NOT NULL DEFAULT '0',
  `img` text NOT NULL,
  `size` varchar(255) NOT NULL,
  `preview` text NOT NULL,
  `link` text NOT NULL,
  `plashka` int(11) NOT NULL DEFAULT '0',
  PRIMARY KEY (`id`)
) ENGINE=InnoDB  DEFAULT CHARSET=utf8 AUTO_INCREMENT=7 ;

--
-- Dumping data for table `banners`
--

INSERT INTO `banners` (`id`, `type`, `datetime`, `admin`, `visibly`, `name`, `value`, `title`, `description`, `hot`, `img`, `size`, `preview`, `link`, `plashka`) VALUES
(1, 'category', '0000-00-00 00:00:00', '0', '1', 'Свадебные букеты', 0, 'Красивый букет невесты от 1500 рублей.  ', '', 1, '', '460x452', '|/460x452/c2ce3c53d91d67c0ae885cdd70fa2e94.jpg', '/catalog/svadebnie', 1),
(2, 'product', '0000-00-00 00:00:00', '0', '1', 'Большой выбор ', 0, 'букетов из роз, лилий, хризантем и других свежих цветов всегда в наличии', '', 1, '|/230x225/bacc01c194fcf4669cd657c01fd52478.jpg', '460x224', '|/460x224/be5a439878983046ec02f859f51a6fbe.jpg', '/catalog/byketi', 1),
(3, 'product', '0000-00-00 00:00:00', '0', '1', '', 0, '', '', 1, '', '460x224', '|/460x224/a53fe2d1e4364faa069be06d7179b0c7.jpg', '/actions/1', 0),
(4, 'product', '0000-00-00 00:00:00', '0', '1', '', 0, '', '', 1, '', '228x452', '|/228x452/166fe34ebb46e2c14a3a8b682c2c2535.jpg', '/catalog/svadebnie', 0),
(5, 'product', '0000-00-00 00:00:00', '0', '1', 'Композиции', 0, 'Корзинки, украшение на праздничный стол', '', 0, '|/230x225/96577104e977dd5977724700ff6eab17.jpg', '228x452', '|/228x452/3338282fd321e724761229f37dfa4dfa.jpg', '/catalog/korzini', 1),
(6, 'product', '0000-00-00 00:00:00', '0', '1', 'Подарки', 0, '', 'Более 10 сортов роз разных ростовок, по низким<br> ценам - от 50 рублей штука\nБолее 10 сортов роз разных ростовок, по низким<br> ценам - от 50 рублей штука\nБолее 10 сортов роз разных ростовок, по низким<br> ценам - от 50 рублей штукаБолее 10 сортов роз разных ростовок, по низким<br> ценам - от 50 рублей штука', 0, '|/230x225/6833c2bac1514b7d6200b03bc74e032d.jpg', '460x452', '|/460x452/60bb13a196230e86b4dbdcd52e3d08c3.jpg', 'http://flowersvillage.ru/catalog/podarki', 0);

-- --------------------------------------------------------

--
-- Table structure for table `categories`
--

CREATE TABLE IF NOT EXISTS `categories` (
  `id` int(11) NOT NULL AUTO_INCREMENT,
  `section_id` int(11) NOT NULL,
  `name` varchar(255) NOT NULL,
  `uri` varchar(255) NOT NULL,
  `orders` int(11) NOT NULL,
  `visibly` enum('1','0') NOT NULL,
  `meta_title` varchar(255) NOT NULL,
  `meta_keywords` varchar(255) NOT NULL,
  `meta_description` text NOT NULL,
  `count` tinyint(1) NOT NULL DEFAULT '0',
  `description` text NOT NULL,
  `label_description` varchar(255) NOT NULL,
  `hidden` tinyint(1) NOT NULL DEFAULT '0',
  PRIMARY KEY (`id`)
) ENGINE=InnoDB  DEFAULT CHARSET=utf8 AUTO_INCREMENT=87 ;

--
-- Dumping data for table `categories`
--

INSERT INTO `categories` (`id`, `section_id`, `name`, `uri`, `orders`, `visibly`, `meta_title`, `meta_keywords`, `meta_description`, `count`, `description`, `label_description`, `hidden`) VALUES
(73, 1, 'Розы', 'rozy', 2, '1', 'Купить розы в Кинеле от 50 рублей поштучно', 'розы, кинель, купить, заказ, заказать, кинель', 'Заказ любого количества роз в Кинеле. Местные и импортные сорта всегда в наличии.', 1, '', '', 0),
(74, 1, 'Свадебные букеты', 'svadebnie', 3, '1', 'Купить свадебные букеты в Кинеле, Кинельском районе', 'Свадебный букет, Кинель', 'Большой каталог недорогих и очень красивых букетов невесты. Заказ в салоне, онлайн и по телефону. ', 0, '<p><br></p>', '', 0),
(75, 1, 'Композиции', 'korzini', 4, '1', 'Заказ корзинок из цветов, композиций на праздничный стол', 'корзинки, корзина, цветы, композиции, на стол', 'Индивидуальная композиция под заказ для вашего торжества. ', 0, '', '', 0),
(83, 2, 'Подарки', 'podarki', 6, '1', 'Мягкие игрушки, открытки, воздушные шарики в Кинеле', 'игрушка, открытка, воздушный, шарик, Кинель', 'Большой выбор мягких игрушек, открыток и шаров. Подберите приятное дополнение к цветочному подарку.', 0, '', '', 0),
(84, 1, 'Букеты', 'byketi', 1, '1', 'Купить букет цветов в Кинеле', 'свежие цветы, букеты, кинель, заказ, онлайн', 'Всегда в наличии большой выбор букетов из свежих цветов. ', 0, '', '', 0),
(85, 1, 'Тюльпаны', 'tulip', 5, '1', 'Букеты из свежих тюльпанов', '', 'Весенний букет из тюльпанов - лучший подарок на 8 Марта! ', 0, '<p></p><div><div>Закажите шикарный букет из тюльпанов разных, необычных, удивительно красивых сортов для любимой мамы, дорогой бабушки, самой лучшей жене или подруге в этот весенний женский праздник!<br><br><b>Заказы</b>&nbsp;на букеты из тюльпанов&nbsp;<b>принимаются до 6 марта</b>.<br><br>Доставка возможна в период с 1 по 8 марта. Оплата курьеру наличными при получении.&nbsp;</div><div><br></div><div><span style="line-height: 1.45em;">Оплатить заказ можно любым удобным для вас способом:&nbsp;</span></div><div>1) Курьеру наличными при получении,<br>2) Яндекс.Деньгами,<br>3) переводом на карту Сбербанка,<br>4) переводом на карту Альфабанка.<br><br>Чтобы сделать заказ оставьте завку на сайте с помощью корзины, по телефону&nbsp;<b>8 (937) 074-12-84</b>&nbsp;или почте&nbsp;<a href="mailto:my@flowersvillage.ru">my@flowersvillage.ru</a>. Мы свяжемся с вами в течение часа, чтобы обговорить детали.<br><br>Мы делаем скидки!&nbsp;Успейте заказать потрясающий букет из свежесрезанных тюльпанов до 6 марта, чтобы 8 марта не беспокоиться о подарках для своих любимых дам.<br></div><br></div><p></p>', '', 0),
(86, 2, 'Другое', 'others', 7, '1', '', '', '', 0, '', '', 1);

-- --------------------------------------------------------

--
-- Table structure for table `contact_maps`
--

CREATE TABLE IF NOT EXISTS `contact_maps` (
  `id` int(11) NOT NULL AUTO_INCREMENT,
  `address` varchar(255) NOT NULL,
  `title` varchar(255) NOT NULL,
  PRIMARY KEY (`id`)
) ENGINE=InnoDB  DEFAULT CHARSET=utf8 AUTO_INCREMENT=9 ;

--
-- Dumping data for table `contact_maps`
--

INSERT INTO `contact_maps` (`id`, `address`, `title`) VALUES
(1, 'Ул. Волгина , 122', 'тел. 8 (927) 688-20-44'),
(4, 'Ул. Московское шоссе, 17км', ''),
(5, 'Ул. Победы, 4', '(станция метро «Советская»), работает с 8-00 до 22-00, телелефон:  7 (927) 007-25-48'),
(6, 'Ул. Гагарина, 55', '(станция метро «Гагаринская»), телелефон:  7 (927) 007-26-18'),
(7, 'Ул. Молодогвардейская, 238', ' («Дворец Бракосочетаний Теремок»), телелефон:  7 (927) 007-26-42'),
(8, 'Пересечение Пензенской и Владимирской', '');

-- --------------------------------------------------------

--
-- Table structure for table `features`
--

CREATE TABLE IF NOT EXISTS `features` (
  `id` int(11) NOT NULL AUTO_INCREMENT,
  `name` varchar(255) NOT NULL,
  `type` text NOT NULL,
  `variants` text NOT NULL,
  `admin` enum('0','1') NOT NULL,
  `visibly` enum('1','0') NOT NULL,
  `tocart` enum('0','1') NOT NULL,
  `price` enum('0','1') NOT NULL DEFAULT '0',
  PRIMARY KEY (`id`)
) ENGINE=InnoDB  DEFAULT CHARSET=utf8 AUTO_INCREMENT=15 ;

--
-- Dumping data for table `features`
--

INSERT INTO `features` (`id`, `name`, `type`, `variants`, `admin`, `visibly`, `tocart`, `price`) VALUES
(10, 'Состав', 'multiselect', 'Розы|Хризантемы|Тюльпаны|Лилии|Ирисы|Герберы', '0', '1', '0', '0'),
(12, 'Ростовка', 'multiselect', '60 cм|70 cм|80 cм|90 cм', '0', '1', '1', '1'),
(13, 'Описание', 'textarea', '', '0', '1', '0', '0'),
(14, 'Размер', 'select', 'Маленький|Средний|Большой', '0', '1', '0', '1');

-- --------------------------------------------------------

--
-- Table structure for table `features_category`
--

CREATE TABLE IF NOT EXISTS `features_category` (
  `id` int(11) NOT NULL AUTO_INCREMENT,
  `cat_id` int(11) NOT NULL,
  `value` text NOT NULL,
  `feature_id` int(11) NOT NULL,
  `visibly` enum('1','0') NOT NULL,
  PRIMARY KEY (`id`)
) ENGINE=InnoDB  DEFAULT CHARSET=utf8 AUTO_INCREMENT=76 ;

--
-- Dumping data for table `features_category`
--

INSERT INTO `features_category` (`id`, `cat_id`, `value`, `feature_id`, `visibly`) VALUES
(27, 74, '', 0, '0'),
(29, 75, '', 0, '1'),
(36, 73, '', 10, '0'),
(37, 74, '', 10, '1'),
(38, 75, '', 10, '1'),
(43, 77, '', 0, '1'),
(44, 78, '', 0, '1'),
(45, 79, '', 0, '1'),
(46, 80, '', 0, '1'),
(47, 81, '', 0, '1'),
(48, 82, '', 0, '1'),
(49, 83, '', 0, '0'),
(51, 84, '', 0, '1'),
(52, 85, '', 0, '1'),
(59, 73, '', 12, '1'),
(65, 84, '', 10, '1'),
(66, 84, '', 13, '1'),
(67, 74, '', 13, '1'),
(68, 73, '', 13, '1'),
(69, 85, '', 13, '1'),
(70, 75, '', 13, '1'),
(71, 83, '', 13, '1'),
(72, 84, '', 14, '1'),
(73, 74, '', 14, '1'),
(74, 75, '', 14, '1'),
(75, 85, '', 14, '1');

-- --------------------------------------------------------

--
-- Table structure for table `features_products`
--

CREATE TABLE IF NOT EXISTS `features_products` (
  `id` int(11) NOT NULL AUTO_INCREMENT,
  `product_id` int(11) NOT NULL,
  `value` text NOT NULL,
  `feature_id` int(11) NOT NULL,
  `cat_id` int(11) NOT NULL,
  `visibly` enum('1','0') NOT NULL,
  PRIMARY KEY (`id`)
) ENGINE=InnoDB  DEFAULT CHARSET=utf8 AUTO_INCREMENT=974 ;

--
-- Dumping data for table `features_products`
--

INSERT INTO `features_products` (`id`, `product_id`, `value`, `feature_id`, `cat_id`, `visibly`) VALUES
(318, 172, '', 12, 73, '1'),
(320, 173, '', 12, 73, '1'),
(323, 172, '', 10, 73, '1'),
(324, 172, '', 0, 84, '1'),
(325, 173, '', 10, 73, '1'),
(326, 173, '', 0, 84, '1'),
(346, 175, '', 12, 73, '1'),
(347, 175, '', 10, 73, '1'),
(348, 175, '', 0, 75, '1'),
(394, 194, 'Розы|Хризантемы', 10, 84, '1'),
(398, 196, 'Розы|Хризантемы', 10, 84, '1'),
(400, 197, 'Тюльпаны|Ирисы', 10, 84, '1'),
(402, 198, '', 10, 84, '1'),
(406, 200, 'Герберы', 10, 84, '1'),
(479, 194, '', 13, 84, '1'),
(480, 196, '', 13, 84, '1'),
(481, 197, '', 13, 84, '1'),
(482, 198, '', 13, 84, '1'),
(484, 200, '', 13, 84, '1'),
(592, 249, '', 12, 73, '1'),
(593, 249, '', 13, 73, '1'),
(599, 252, '', 0, 75, '1'),
(600, 252, '', 10, 75, '1'),
(601, 252, '', 13, 75, '1'),
(628, 194, '', 14, 84, '1'),
(629, 196, '', 14, 84, '1'),
(630, 197, '', 14, 84, '1'),
(631, 198, '', 14, 84, '1'),
(633, 200, '', 14, 84, '1'),
(669, 267, 'Розы', 10, 0, '1'),
(670, 267, '', 13, 0, '1'),
(671, 267, '', 14, 0, '1'),
(672, 267, '', 0, 74, '0'),
(673, 268, 'Розы', 10, 0, '1'),
(674, 268, 'Удивительно, как преображается в букете с озотамнусом торжественная гвоздика, давно ставшая символом отваги и статуса. \n\nДаже она становится нежной и романтичной в окружении воздушных соцветий озотамнуса и белоснежных лепестков рунункулуса в букете, перевязанном бархатной лентой.', 13, 0, '1'),
(675, 268, '', 14, 0, '1'),
(676, 268, '', 0, 74, '0'),
(677, 269, '', 10, 0, '1'),
(678, 269, '', 13, 0, '1'),
(679, 269, '', 14, 0, '1'),
(680, 269, '', 0, 74, '0'),
(681, 270, '', 10, 0, '1'),
(682, 270, 'Удивительно, как преображается в букете с озотамнусом торжественная гвоздика, давно ставшая символом отваги и статуса. \n\nДаже она становится нежной и романтичной в окружении воздушных соцветий озотамнуса и белоснежных лепестков рунункулуса в букете, перевязанном бархатной лентой.', 13, 0, '1'),
(683, 270, '', 14, 0, '1'),
(684, 270, '', 0, 74, '0'),
(685, 271, '', 10, 0, '1'),
(686, 271, '', 13, 0, '1'),
(687, 271, '', 14, 0, '1'),
(688, 271, '', 0, 74, '0'),
(689, 272, '', 10, 0, '1'),
(690, 272, 'Удивительно, как преображается в букете с озотамнусом торжественная гвоздика, давно ставшая символом отваги и статуса. \n\nДаже она становится нежной и романтичной в окружении воздушных соцветий озотамнуса и белоснежных лепестков рунункулуса в букете, перевязанном бархатной лентой.', 13, 0, '1'),
(691, 272, '', 14, 0, '1'),
(692, 272, '', 0, 74, '0'),
(693, 273, '', 10, 0, '1'),
(694, 273, 'Удивительно, как преображается в букете с озотамнусом торжественная гвоздика, давно ставшая символом отваги и статуса. \n\nДаже она становится нежной и романтичной в окружении воздушных соцветий озотамнуса и белоснежных лепестков рунункулуса в букете, перевязанном бархатной лентой.', 13, 0, '1'),
(695, 273, '', 14, 0, '1'),
(696, 273, '', 0, 74, '0'),
(697, 274, '', 10, 0, '1'),
(698, 274, 'Удивительно, как преображается в букете с озотамнусом торжественная гвоздика, давно ставшая символом отваги и статуса. \n\nДаже она становится нежной и романтичной в окружении воздушных соцветий озотамнуса и белоснежных лепестков рунункулуса в букете, перевязанном бархатной лентой.', 13, 0, '1'),
(699, 274, '', 14, 0, '1'),
(700, 274, '', 0, 74, '0'),
(701, 275, '', 10, 0, '1'),
(702, 275, 'Удивительно, как преображается в букете с озотамнусом торжественная гвоздика, давно ставшая символом отваги и статуса. \n\nДаже она становится нежной и романтичной в окружении воздушных соцветий озотамнуса и белоснежных лепестков рунункулуса в букете, перевязанном бархатной лентой.', 13, 0, '1'),
(703, 275, '', 14, 0, '1'),
(704, 275, '', 0, 74, '0'),
(705, 276, '', 10, 0, '1'),
(706, 276, 'Удивительно, как преображается в букете с озотамнусом торжественная гвоздика, давно ставшая символом отваги и статуса. \n\nДаже она становится нежной и романтичной в окружении воздушных соцветий озотамнуса и белоснежных лепестков рунункулуса в букете, перевязанном бархатной лентой.', 13, 0, '1'),
(707, 276, '', 14, 0, '1'),
(708, 276, '', 0, 74, '0'),
(709, 277, '', 10, 0, '1'),
(710, 277, '', 13, 0, '1'),
(711, 277, '', 14, 0, '1'),
(712, 277, '', 0, 74, '0'),
(713, 278, '', 10, 0, '1'),
(714, 278, 'Удивительно, как преображается в букете с озотамнусом торжественная гвоздика, давно ставшая символом отваги и статуса. \n\nДаже она становится нежной и романтичной в окружении воздушных соцветий озотамнуса и белоснежных лепестков рунункулуса в букете, перевязанном бархатной лентой.', 13, 0, '1'),
(715, 278, '', 14, 0, '1'),
(716, 278, '', 0, 74, '0'),
(717, 279, '', 10, 0, '1'),
(718, 279, 'Удивительно, как преображается в букете с озотамнусом торжественная гвоздика, давно ставшая символом отваги и статуса. \n\nДаже она становится нежной и романтичной в окружении воздушных соцветий озотамнуса и белоснежных лепестков рунункулуса в букете, перевязанном бархатной лентой.', 13, 0, '1'),
(719, 279, '', 14, 0, '1'),
(720, 279, '', 0, 74, '0'),
(721, 280, '', 10, 0, '1'),
(722, 280, 'Удивительно, как преображается в букете с озотамнусом торжественная гвоздика, давно ставшая символом отваги и статуса. \n\nДаже она становится нежной и романтичной в окружении воздушных соцветий озотамнуса и белоснежных лепестков рунункулуса в букете, перевязанном бархатной лентой.', 13, 0, '1'),
(723, 280, '', 14, 0, '1'),
(724, 280, '', 0, 74, '0'),
(725, 281, '', 10, 0, '1'),
(726, 281, '', 13, 0, '1'),
(727, 281, '', 14, 0, '1'),
(728, 281, '', 0, 74, '0'),
(729, 282, '', 10, 0, '1'),
(730, 282, 'Удивительно, как преображается в букете с озотамнусом торжественная гвоздика, давно ставшая символом отваги и статуса. \n\nДаже она становится нежной и романтичной в окружении воздушных соцветий озотамнуса и белоснежных лепестков рунункулуса в букете, перевязанном бархатной лентой.', 13, 0, '1'),
(731, 282, '', 14, 0, '1'),
(732, 282, '', 0, 74, '0'),
(733, 283, '', 10, 0, '1'),
(734, 283, 'Удивительно, как преображается в букете с озотамнусом торжественная гвоздика, давно ставшая символом отваги и статуса. \n\nДаже она становится нежной и романтичной в окружении воздушных соцветий озотамнуса и белоснежных лепестков рунункулуса в букете, перевязанном бархатной лентой.', 13, 0, '1'),
(735, 283, '', 14, 0, '1'),
(736, 283, '', 0, 74, '0'),
(737, 284, '', 10, 0, '1'),
(738, 284, 'Удивительно, как преображается в букете с озотамнусом торжественная гвоздика, давно ставшая символом отваги и статуса. \n\nДаже она становится нежной и романтичной в окружении воздушных соцветий озотамнуса и белоснежных лепестков рунункулуса в букете, перевязанном бархатной лентой.', 13, 0, '1'),
(739, 284, '', 14, 0, '1'),
(740, 284, '', 0, 74, '0'),
(741, 285, '', 10, 0, '1'),
(742, 285, 'Удивительно, как преображается в букете с озотамнусом торжественная гвоздика, давно ставшая символом отваги и статуса. \n\nДаже она становится нежной и романтичной в окружении воздушных соцветий озотамнуса и белоснежных лепестков рунункулуса в букете, перевязанном бархатной лентой.', 13, 0, '1'),
(743, 285, '', 14, 0, '1'),
(744, 285, '', 0, 74, '0'),
(745, 286, '', 10, 0, '1'),
(746, 286, 'Удивительно, как преображается в букете с озотамнусом торжественная гвоздика, давно ставшая символом отваги и статуса. \n\nДаже она становится нежной и романтичной в окружении воздушных соцветий озотамнуса и белоснежных лепестков рунункулуса в букете, перевязанном бархатной лентой.', 13, 0, '1'),
(747, 286, '', 14, 0, '1'),
(748, 286, '', 0, 74, '0'),
(749, 287, '', 10, 0, '1'),
(750, 287, 'Удивительно, как преображается в букете с озотамнусом торжественная гвоздика, давно ставшая символом отваги и статуса. \n\nДаже она становится нежной и романтичной в окружении воздушных соцветий озотамнуса и белоснежных лепестков рунункулуса в букете, перевязанном бархатной лентой.', 13, 0, '1'),
(751, 287, '', 14, 0, '1'),
(752, 287, '', 0, 74, '0'),
(753, 288, '', 10, 0, '1'),
(754, 288, 'Удивительно, как преображается в букете с озотамнусом торжественная гвоздика, давно ставшая символом отваги и статуса. \n\nДаже она становится нежной и романтичной в окружении воздушных соцветий озотамнуса и белоснежных лепестков рунункулуса в букете, перевязанном бархатной лентой.', 13, 0, '1'),
(755, 288, '', 14, 0, '1'),
(756, 288, '', 0, 74, '0'),
(757, 289, '', 10, 0, '1'),
(758, 289, 'Удивительно, как преображается в букете с озотамнусом торжественная гвоздика, давно ставшая символом отваги и статуса. \n\nДаже она становится нежной и романтичной в окружении воздушных соцветий озотамнуса и белоснежных лепестков рунункулуса в букете, перевязанном бархатной лентой.', 13, 0, '1'),
(759, 289, '', 14, 0, '1'),
(760, 289, '', 0, 74, '0'),
(761, 290, '', 10, 0, '1'),
(762, 290, 'Удивительно, как преображается в букете с озотамнусом торжественная гвоздика, давно ставшая символом отваги и статуса. \n\nДаже она становится нежной и романтичной в окружении воздушных соцветий озотамнуса и белоснежных лепестков рунункулуса в букете, перевязанном бархатной лентой.', 13, 0, '1'),
(763, 290, '', 14, 0, '1'),
(764, 290, '', 0, 74, '0'),
(765, 291, '', 10, 0, '1'),
(766, 291, 'Удивительно, как преображается в букете с озотамнусом торжественная гвоздика, давно ставшая символом отваги и статуса. \n\nДаже она становится нежной и романтичной в окружении воздушных соцветий озотамнуса и белоснежных лепестков рунункулуса в букете, перевязанном бархатной лентой.', 13, 0, '1'),
(767, 291, '', 14, 0, '1'),
(768, 291, '', 0, 74, '0'),
(769, 292, '', 10, 0, '1'),
(770, 292, '', 13, 0, '1'),
(771, 292, '', 14, 0, '1'),
(772, 292, '', 0, 74, '0'),
(773, 293, '', 10, 0, '1'),
(774, 293, 'Удивительно, как преображается в букете с озотамнусом торжественная гвоздика, давно ставшая символом отваги и статуса. \n\nДаже она становится нежной и романтичной в окружении воздушных соцветий озотамнуса и белоснежных лепестков рунункулуса в букете, перевязанном бархатной лентой.', 13, 0, '1'),
(775, 293, '', 14, 0, '1'),
(776, 293, '', 0, 74, '0'),
(777, 294, '', 10, 0, '1'),
(778, 294, '\n', 13, 0, '1'),
(779, 294, '', 14, 0, '1'),
(780, 294, '', 0, 74, '0'),
(781, 295, '', 10, 0, '1'),
(782, 295, 'Удивительно, как преображается в букете с озотамнусом торжественная гвоздика, давно ставшая символом отваги и статуса. \n\nДаже она становится нежной и романтичной в окружении воздушных соцветий озотамнуса и белоснежных лепестков рунункулуса в букете, перевязанном бархатной лентой.', 13, 0, '1'),
(783, 295, '', 14, 0, '1'),
(784, 295, '', 0, 74, '0'),
(785, 296, '', 10, 0, '1'),
(786, 296, 'Удивительно, как преображается в букете с озотамнусом торжественная гвоздика, давно ставшая символом отваги и статуса. \n\nДаже она становится нежной и романтичной в окружении воздушных соцветий озотамнуса и белоснежных лепестков рунункулуса в букете, перевязанном бархатной лентой.', 13, 0, '1'),
(787, 296, '', 14, 0, '1'),
(788, 296, '', 0, 74, '0'),
(789, 297, '', 10, 0, '1'),
(790, 297, '', 13, 0, '1'),
(791, 297, '', 14, 0, '1'),
(792, 297, '', 0, 74, '1'),
(824, 295, '', 12, 73, '0'),
(828, 307, 'Тюльпаны', 10, 0, '1'),
(829, 307, 'Маленький - 7 штук <br/>\nСредний - 15 штук<br/>\nБольшой - 30 штук<br/>\n\nНа фото представлен большой букет из 30 тюльпанов.', 13, 0, '1'),
(830, 307, 'Большой|Средний|Маленький', 14, 0, '1'),
(831, 307, '', 0, 84, '1'),
(832, 308, 'Тюльпаны', 10, 0, '1'),
(833, 308, 'Маленький - 15 штук <br/>\nСредний - 25 штук<br/>\nБольшой - 51 штука<br/>\n\nНа фото 40 штук.\n', 13, 0, '1'),
(834, 308, 'Маленький|Средний|Большой', 14, 0, '1'),
(835, 308, '', 0, 84, '1'),
(836, 309, 'Тюльпаны', 10, 0, '1'),
(837, 309, 'Маленький - 7 штук <br/>\nСредний - 15 штук<br/>\nБольшой - 31 штука<br/>\n', 13, 0, '1'),
(838, 309, 'Большой|Средний|Маленький', 14, 0, '1'),
(839, 309, '', 0, 84, '1'),
(843, 311, 'Тюльпаны', 10, 0, '1'),
(844, 311, 'Маленький - 7 штук <br/>\nСредний - 25 штук<br/>\nБольшой - 51 штука <br/>\n\nНа фото представлен большой букет из 40 тюльпанов.', 13, 0, '1'),
(845, 311, 'Маленький|Средний|Большой', 14, 0, '1'),
(846, 311, '', 0, 84, '1'),
(847, 312, 'Тюльпаны', 10, 0, '1'),
(848, 312, 'Маленький - 15 штук <br/>\nСредний - 25 штук<br/>\nБольшой - 51 штука<br/>\n\nНа фото - 60 штук.', 13, 0, '1'),
(849, 312, 'Маленький|Средний|Большой', 14, 0, '1'),
(850, 312, '', 0, 84, '1'),
(851, 313, 'Тюльпаны', 10, 0, '1'),
(852, 313, 'Маленький - 9 штук <br/>\nСредний - 15 штук<br/>\nБольшой - 31 штука<br/>\n', 13, 0, '1'),
(853, 313, 'Маленький|Средний|Большой', 14, 0, '1'),
(854, 313, '', 0, 84, '1'),
(858, 315, '', 10, 0, '0'),
(859, 315, '', 13, 0, '1'),
(860, 315, '', 14, 0, '0'),
(861, 315, '', 0, 83, '0'),
(865, 317, 'Тюльпаны', 10, 0, '1'),
(866, 317, 'Маленький - 15 штук <br/>\nСредний - 25 штук<br/>\nБольшой - 51 штука<br/>\n', 13, 0, '1'),
(867, 317, 'Маленький|Средний|Большой', 14, 0, '1'),
(868, 317, '', 0, 84, '1'),
(869, 318, 'Розы|Хризантемы|Герберы', 10, 0, '1'),
(870, 318, '', 13, 0, '1'),
(871, 318, '', 14, 0, '1'),
(872, 319, 'Тюльпаны', 10, 0, '1'),
(873, 319, 'Маленький - 15 штук <br/>\nСредний - 25 штук<br/>\nБольшой - 31 штука<br/>\n', 13, 0, '1'),
(874, 319, 'Маленький|Средний|Большой', 14, 0, '1'),
(875, 320, '', 10, 0, '1'),
(876, 320, 'Маленький - 7 штук <br/>\nСредний - 15 штук<br/>\nБольшой - 31 штука<br/>\n', 13, 0, '1'),
(877, 320, 'Маленький|Средний|Большой', 14, 0, '1'),
(878, 320, '', 0, 84, '1'),
(882, 322, '', 10, 0, '0'),
(883, 322, '', 13, 0, '1'),
(884, 322, '', 14, 0, '0'),
(885, 322, '', 0, 83, '0'),
(886, 323, '', 10, 0, '1'),
(887, 323, '', 13, 0, '1'),
(888, 323, '', 14, 0, '1'),
(889, 324, 'Хризантемы', 10, 0, '1'),
(890, 324, '', 13, 0, '1'),
(891, 324, '', 14, 0, '1'),
(892, 324, '', 0, 84, '1'),
(893, 325, 'Розы', 10, 0, '1'),
(894, 325, '', 13, 0, '1'),
(895, 325, '', 14, 0, '1'),
(899, 325, '', 0, 84, '1'),
(900, 323, '', 0, 84, '1'),
(901, 327, '', 10, 0, '1'),
(902, 327, '', 13, 0, '1'),
(903, 327, '', 14, 0, '1'),
(904, 327, '', 0, 84, '1'),
(908, 319, '', 0, 84, '1'),
(909, 318, '', 0, 84, '1'),
(910, 329, '', 10, 0, '0'),
(911, 329, '', 13, 0, '1'),
(912, 329, '', 14, 0, '0'),
(913, 329, '70 cм', 12, 73, '1'),
(914, 330, '', 10, 0, '0'),
(915, 330, '', 13, 0, '1'),
(916, 330, '', 14, 0, '0'),
(917, 331, '', 10, 0, '0'),
(918, 331, '', 13, 0, '1'),
(919, 331, '', 14, 0, '0'),
(920, 330, '80 cм', 12, 73, '1'),
(921, 332, '', 10, 0, '0'),
(922, 332, '', 13, 0, '1'),
(923, 332, '', 14, 0, '0'),
(924, 331, '80 cм', 12, 73, '1'),
(925, 333, '', 10, 0, '0'),
(926, 333, '', 13, 0, '1'),
(927, 333, '', 14, 0, '0'),
(928, 332, '80 cм', 12, 73, '1'),
(929, 334, '', 10, 0, '0'),
(930, 334, '', 13, 0, '1'),
(931, 334, '', 14, 0, '0'),
(932, 333, '80 cм', 12, 73, '1'),
(933, 335, '', 10, 0, '0'),
(934, 335, '', 13, 0, '1'),
(935, 335, '', 14, 0, '0'),
(936, 334, '80 cм', 12, 73, '1'),
(937, 336, '', 10, 0, '1'),
(938, 336, '', 13, 0, '1'),
(939, 336, '', 14, 0, '1'),
(940, 335, '60 cм', 12, 73, '1'),
(941, 337, '', 10, 0, '1'),
(942, 337, '', 13, 0, '1'),
(943, 337, '', 14, 0, '1'),
(944, 336, '', 0, 74, '0'),
(945, 338, '', 10, 0, '1'),
(946, 338, '', 13, 0, '1'),
(947, 338, '', 14, 0, '1'),
(948, 339, '', 10, 0, '0'),
(949, 339, '', 13, 0, '0'),
(950, 339, '', 14, 0, '0'),
(951, 340, '', 10, 0, '0'),
(952, 340, '', 13, 0, '0'),
(953, 340, '', 14, 0, '0'),
(954, 341, '', 10, 0, '0'),
(955, 341, '', 13, 0, '0'),
(956, 341, '', 14, 0, '0'),
(957, 337, '', 0, 74, '0'),
(964, 340, '', 0, 83, '0'),
(968, 338, '', 0, 74, '0'),
(969, 197, '', 0, 84, '1'),
(970, 345, '', 10, 0, '1'),
(971, 345, '', 13, 0, '1'),
(972, 345, '', 14, 0, '1'),
(973, 345, '', 0, 75, '1');

-- --------------------------------------------------------

--
-- Table structure for table `features_types`
--

CREATE TABLE IF NOT EXISTS `features_types` (
  `id` int(11) NOT NULL AUTO_INCREMENT,
  `type` varchar(255) NOT NULL,
  `name` varchar(255) NOT NULL,
  PRIMARY KEY (`id`)
) ENGINE=InnoDB  DEFAULT CHARSET=utf8 AUTO_INCREMENT=6 ;

--
-- Dumping data for table `features_types`
--

INSERT INTO `features_types` (`id`, `type`, `name`) VALUES
(1, 'multiselect', 'Мультиселект'),
(2, 'select', 'Селект'),
(3, 'textarea', 'Описание'),
(4, 'text', 'Текст'),
(5, 'radio', 'Выбор');

-- --------------------------------------------------------

--
-- Table structure for table `feature_product_price`
--

CREATE TABLE IF NOT EXISTS `feature_product_price` (
  `id` int(11) NOT NULL AUTO_INCREMENT,
  `product_id` int(11) NOT NULL,
  `feature_id` int(11) NOT NULL,
  `price` int(11) NOT NULL,
  `value` varchar(255) NOT NULL,
  PRIMARY KEY (`id`)
) ENGINE=InnoDB  DEFAULT CHARSET=utf8 AUTO_INCREMENT=381 ;

--
-- Dumping data for table `feature_product_price`
--

INSERT INTO `feature_product_price` (`id`, `product_id`, `feature_id`, `price`, `value`) VALUES
(116, 140, 12, 3500, '60 cм'),
(117, 140, 12, 3700, '70 cм'),
(118, 140, 12, 3800, '80 cм'),
(135, 218, 12, 90, '60 cм'),
(136, 218, 12, 100, '70 cм'),
(137, 218, 12, 110, '80 cм'),
(138, 218, 12, 120, '90 cм'),
(152, 176, 12, 90, '60 cм'),
(153, 176, 12, 100, '70 cм'),
(154, 176, 12, 110, '80 cм'),
(155, 176, 12, 120, '90 cм'),
(163, 220, 12, 89, '70 cм'),
(164, 220, 12, 99, '80 cм'),
(165, 220, 12, 109, '90 cм'),
(178, 221, 12, 100, '60 cм'),
(179, 221, 12, 110, '70 cм'),
(180, 221, 12, 120, '80 cм'),
(181, 221, 12, 130, '90 cм'),
(194, 224, 12, 100, '60 cм'),
(195, 224, 12, 110, '70 cм'),
(196, 224, 12, 120, '80 cм'),
(197, 224, 12, 130, '90 cм'),
(210, 223, 12, 150, '60 cм'),
(211, 223, 12, 160, '70 cм'),
(212, 223, 12, 170, '80 cм'),
(213, 223, 12, 180, '90 cм'),
(220, 222, 12, 50, '60 cм'),
(221, 222, 12, 60, '70 cм'),
(222, 222, 12, 70, '80 cм'),
(235, 225, 12, 130, '60 cм'),
(236, 225, 12, 150, '70 cм'),
(237, 225, 12, 170, '80 cм'),
(238, 225, 12, 190, '90 cм'),
(239, 263, 14, 4500, 'Маленький'),
(240, 263, 14, 5000, 'Средний'),
(241, 263, 14, 5500, 'Большой'),
(251, 307, 14, 2000, 'Большой'),
(252, 307, 14, 1000, 'Средний'),
(253, 307, 14, 500, 'Маленький'),
(271, 309, 14, 2100, 'Большой'),
(272, 309, 14, 1000, 'Средний'),
(273, 309, 14, 500, 'Маленький'),
(330, 329, 12, 120, '70 cм'),
(331, 330, 12, 120, '80 cм'),
(332, 331, 12, 120, '80 cм'),
(333, 332, 12, 120, '80 cм'),
(334, 333, 12, 120, '80 cм'),
(335, 334, 12, 120, '80 cм'),
(337, 346, 14, 350, 'Маленький'),
(344, 319, 14, 1000, 'Маленький'),
(345, 319, 14, 1750, 'Средний'),
(346, 319, 14, 2100, 'Большой'),
(350, 313, 14, 650, 'Маленький'),
(351, 313, 14, 1050, 'Средний'),
(352, 313, 14, 2100, 'Большой'),
(353, 308, 14, 1000, 'Маленький'),
(354, 308, 14, 1750, 'Средний'),
(355, 308, 14, 3500, 'Большой'),
(356, 312, 14, 1050, 'Маленький'),
(357, 312, 14, 1750, 'Средний'),
(358, 312, 14, 3500, 'Большой'),
(359, 317, 14, 1050, 'Маленький'),
(360, 317, 14, 1750, 'Средний'),
(361, 317, 14, 3500, 'Большой'),
(368, 320, 14, 500, 'Маленький'),
(369, 320, 14, 1050, 'Средний'),
(370, 320, 14, 2100, 'Большой'),
(371, 311, 14, 500, 'Маленький'),
(372, 311, 14, 1750, 'Средний'),
(373, 311, 14, 3500, 'Большой'),
(375, 335, 12, 100, '60 cм'),
(379, 348, 12, 120, '70 cм'),
(380, 348, 12, 100, '60 cм');

-- --------------------------------------------------------

--
-- Table structure for table `items`
--

CREATE TABLE IF NOT EXISTS `items` (
  `id` int(11) NOT NULL,
  `product_id` int(11) NOT NULL,
  `visibly` tinyint(1) NOT NULL DEFAULT '1'
) ENGINE=InnoDB DEFAULT CHARSET=utf8;

--
-- Dumping data for table `items`
--


-- --------------------------------------------------------

--
-- Table structure for table `orders`
--

CREATE TABLE IF NOT EXISTS `orders` (
  `id` int(11) NOT NULL AUTO_INCREMENT,
  `status` enum('blank','new','confirmed','sended','completed','deleted') NOT NULL DEFAULT 'blank',
  `date` varchar(255) NOT NULL,
  `time` varchar(255) NOT NULL,
  `to_name` text NOT NULL,
  `address` text NOT NULL,
  `to_phone` varchar(18) NOT NULL,
  `from_email` varchar(255) NOT NULL,
  `products_id` text NOT NULL,
  `price` int(11) NOT NULL,
  `comment` text NOT NULL,
  `mod_datetime` varchar(255) NOT NULL,
  `discount` int(11) NOT NULL,
  `discount_price` int(11) NOT NULL,
  `admin_comment` text NOT NULL,
  `zip_code` varchar(255) NOT NULL,
  `city` varchar(255) NOT NULL,
  `delivery` varchar(255) NOT NULL,
  `payment` enum('0','1') NOT NULL DEFAULT '0',
  `update_time` timestamp NOT NULL DEFAULT CURRENT_TIMESTAMP ON UPDATE CURRENT_TIMESTAMP,
  `paid` enum('0','1') NOT NULL DEFAULT '0',
  `transaction_id` varchar(255) NOT NULL,
  `from_name` text NOT NULL,
  `from_phone` varchar(18) NOT NULL,
  `to_notice` enum('0','1') NOT NULL DEFAULT '0',
  `from_notice` enum('no','sms','call') NOT NULL,
  `picture` enum('0','1') NOT NULL DEFAULT '0',
  `to_from` enum('0','1') NOT NULL DEFAULT '0',
  `create_time` int(11) NOT NULL,
  PRIMARY KEY (`id`)
) ENGINE=InnoDB  DEFAULT CHARSET=utf8 AUTO_INCREMENT=1063 ;

--
-- Dumping data for table `orders`
--

INSERT INTO `orders` (`id`, `status`, `date`, `time`, `to_name`, `address`, `to_phone`, `from_email`, `products_id`, `price`, `comment`, `mod_datetime`, `discount`, `discount_price`, `admin_comment`, `zip_code`, `city`, `delivery`, `payment`, `update_time`, `paid`, `transaction_id`, `from_name`, `from_phone`, `to_notice`, `from_notice`, `picture`, `to_from`, `create_time`) VALUES
(1, 'deleted', '16.08.2013', '18 : 00', 'mama', 'asdasasd', '+7 (987) 987-98-78', 'mail@mail.ru', '', 0, 'asdasdasdd', '', 0, 0, '', '', '', '', '0', '2013-08-15 14:50:12', '0', '1376474242-1-54017', 'mama', '+7 (987) 987-98-78', '1', 'call', '1', '1', 0),
(2, 'deleted', '16.08.2013', '18 : 00', '', '', '+7 (987) 987-98-78', 'asdasd', '', 0, '', '', 0, 0, '', '', '', '', '0', '2013-09-02 09:23:31', '0', '1376474242-1-54017', '', '+7 (987) 987-98-78', '1', 'call', '1', '1', 0),
(7, 'deleted', '', '', '', 'asdasdasd', '', 'mail@mail.ru', '145:2240:2', 4480, '', '', 0, 4480, '', '', '', '', '0', '2013-09-02 09:23:36', '0', '1376479585-7-90246', 'asdasdas', '+7 (987) 987-98-79', '0', 'no', '0', '1', 0),
(8, 'deleted', '16.08.2013', '12 : 00', '', 'Волина 122 -7', ' 7 (987) 987-98-98', 'mail@mail.ruaaaaaa', '', 4480, 'нет лифта asd', '', 0, 4480, 'asdasdad', '', '', '', '0', '2013-08-15 15:06:54', '1', '1376479585-7-90246', 'aaaaa', ' 7 (987) 987-98-98', '1', 'sms', '1', '1', 0),
(9, 'blank', '16.08.2013', '17 : 00', '', '', ' 7 (987) 987-98-98', 'mail@mail.ru', '', 4480, '', '', 0, 4480, '', '', '', '', '0', '2013-08-15 15:06:56', '1', '1376479585-7-90246', '', '+7 (798) 798-79-89', '1', 'sms', '1', '1', 0),
(10, 'deleted', '10.09.2013', '98 : 79', '', 'dfgdfg', '', 'main@main.ru', '140:2.1:13|146:1500:1', 1526, '', '', 0, 1526, '', '', '', '', '0', '2013-09-02 09:23:42', '0', '1377672780-10-97487', 'Костюченко', '+7 (987) 987-98-79', '1', 'sms', '1', '0', 0),
(11, 'new', '04.09.2013', '12 : 00', 'asdasd', 'sdfsdfsdfsdf', '+7 (987) 987-98-79', 'vk@artcream.com', '145:2240:1|141:2000:2|146:1500:1', 7740, 'sdfsdfsfd', '', 0, 7740, '', '', '', '', '0', '2013-08-30 15:32:54', '0', '43157-1378099766-11', 'asdasdas', '+7 (987) 987-98-79', '1', 'call', '1', '1', 0),
(1001, 'new', '04.09.2013', '12 : 00', '', 'фывфыв', '+7 (987) 987-98-79', 'vk@artcream.com', '140:3:1|146:1500:1:Бла бла бла от блаблабла, с Днем всех бла', 1503, '', '', 0, 1503, '', '', '', '', '0', '2013-09-02 10:12:15', '0', '97149-1001-1378102351', 'фывфв', '+7 (987) 987-98-79', '1', 'call', '1', '1', 0),
(1002, 'new', '04.09.2013', '12 : 00', '', 'ул. Волгина 122 - 7', '+7 (987) 987-98-79', 'vk@artcream.com', '145:3200:2|141:2000:2|146:1500:1:бла бла бла...', 11900, '', '', 0, 11900, '', '', '', '', '0', '2013-09-02 11:11:37', '0', '4469-1002-1378107770', 'Василий', '+7 (987) 987-98-79', '1', 'sms', '1', '1', 0),
(1003, 'new', '04.09.2013', '12 : 00', '', 'фывфывфыв', '+7 (987) 987-98-79', 'vk@artcream.com', '145:3200:1', 3200, '', '', 0, 3200, '', '', '', '', '0', '2013-09-02 11:45:26', '0', '28658-1003-1378107937', 'Василий', '+7 (987) 987-98-79', '1', 'sms', '1', '1', 0),
(1004, 'new', '04.09.2013', '12 : 00', '', 'фывфывыфв', '+7 (987) 987-98-79', 'vk@artcream.com', '145:3200:3', 9600, '', '', 0, 9600, '', '', '', '', '0', '2013-09-02 11:45:58', '0', '12032-1004-1378107971', 'Васиилй', '+7 (987) 987-98-79', '1', 'sms', '1', '1', 0),
(1005, 'new', '04.09.2013', '12 : 00', '', 'asdasdasd', '+7 (987) 987-98-79', 'vk@artcream.com', '145:3200:4', 12800, '', '', 0, 12800, '', '', '', '', '0', '2013-09-02 11:46:41', '0', '89748-1005-1378108006', 'asdasdasd', '+7 (987) 987-98-79', '1', 'sms', '1', '1', 0),
(1006, 'new', '04.09.2013', '12 : 00', '', 'asdasdsad', '+7 (987) 987-98-79', 'vk@artcream.com', '145:3200:1', 3200, '', '', 0, 3200, '', '', '', '', '0', '2013-09-02 11:57:38', '0', '48035-1006-1378108664', 'asdasdasd', '+7 (987) 987-98-79', '1', 'sms', '1', '1', 0),
(1007, 'new', '04.09.2013', '12 : 00', '', 'asdasdasd', '+7 (987) 987-98-79', 'vk@artcream.com', '141:2000:1', 2000, '', '', 0, 2000, '', '', '', '', '0', '2013-09-02 11:58:59', '0', '56788-1007-1378108745', 'asdasdasd', '+7 (987) 987-98-79', '1', 'sms', '1', '1', 0),
(1008, 'new', '04.09.2013', '12 : 00', '', 'asdasdasd', '+7 (987) 987-98-79', 'vk@artcream.com', '142:5000:1', 5000, '', '', 0, 5000, '', '', '', '', '0', '2013-09-02 12:04:43', '0', '99438-1008-1378109112', 'asdasdasd', '+7 (987) 987-98-79', '1', 'sms', '1', '1', 0),
(1009, 'new', '04.09.2013', '12 : 00', '', 'Ул Волина 122 - 7', '+7 (987) 987-98-79', 'vk@artcream.com', '141:2000:2|140:3:3|146:1500:3', 8509, '', '', 0, 8509, '', '', '', '', '0', '2013-09-02 12:07:12', '0', '41084-1009-1378109252', 'Васиилий', '+7 (987) 987-98-79', '1', 'sms', '1', '1', 0),
(1010, 'new', '04.09.2013', '12 : 00', '', 'asdasdasd', '+7 (987) 987-98-79', 'vk@artcream.com', '145:3200:1|146:1500:1', 4700, '', '', 0, 4700, '', '', '', '', '0', '2013-09-02 12:15:00', '0', '19675-1010-1378109705', 'asdasdasd', '+7 (987) 987-98-79', '1', 'sms', '1', '1', 0),
(1011, 'new', '04.09.2013', '12 : 00', '', 'asdsadasd', '+7 (987) 987-98-79', 'vk@artcream.com', '140:3:1|146:1500:1|145:3200:1', 4703, '', '', 0, 4703, '', '', '', '', '0', '2013-09-02 12:15:56', '0', '50455-1011-1378109760', 'asdasdad', '+7 (987) 987-98-79', '1', 'sms', '1', '1', 0),
(1012, 'new', '20.09.2013', '', '', 'asdasdasd', '', 'mail@mail.com', '141:2000:1', 2000, '', '', 0, 2000, '', '', '', '', '0', '2013-09-05 13:44:57', '0', '94210-1012-1378374313', 'asd', '+7 (987) 987-98-79', '0', 'no', '0', '1', 0),
(1013, 'new', '20.09.2013', '', '', 'asdasd', '', 'mail@mail.com', '140:3:1', 3, '', '', 0, 3, '', '', '', '', '0', '2013-09-05 13:46:08', '0', '35660-1013-1378374447', 'asdasdasd', '+7 (987) 987-98-79', '0', 'no', '0', '1', 0),
(1014, 'new', '20.09.2013', '', '', 'asdasd', '', 'mail@mail.com', '140:3:1', 3, '', '', 0, 3, '', '', '', '', '0', '2013-09-05 13:48:20', '0', '97385-1014-1378374508', 'asdasd', '+7 (987) 987-98-79', '0', 'no', '0', '1', 0),
(1015, 'new', '20.09.2013', '', '', 'sdfsdf', '', 'mail@mail.com', '140:3:1', 3, '', '', 0, 3, '', '', '', '', '0', '2013-09-05 13:49:02', '0', '82323-1015-1378374546', 'fsdfsd', '+7 (987) 987-98-79', '0', 'no', '0', '1', 0),
(1016, 'new', '20.09.2013', '', 'asdasdasdasd', 'asdasdasd', '+7 (987) 987-98-79', 'mail@mail.com', '140:3:1', 3, '', '', 0, 3, '', '', '', '', '0', '2013-09-05 16:05:35', '0', '20382-1016-1378382840', 'asdasdasdasd', '+7 (987) 987-98-79', '0', 'no', '0', '1', 0),
(1017, 'new', '', '', '', 'ул Волгина 122 7', '', 'vk@artcream.com', '141:1400:1', 1400, '', '', 0, 1400, '', '', '', '', '0', '2013-09-25 18:45:17', '0', '36332-1017-1380120443', 'Василий', '+7 (897) 878-78-71', '0', 'no', '0', '1', 0),
(1018, 'new', '', '', '', 'Волгина 122 - 7', '', 'vk@artcream.com', '145:2240:1', 2240, '', '', 0, 2240, '', '', '', '', '0', '2013-09-30 11:10:16', '0', '62323-1018-1380120883', 'Василий', '+7 (999) 999-99-99', '0', 'no', '0', '1', 0),
(1019, 'blank', '', '', '', '', '', '', '', 0, '', '', 0, 0, '', '', '', '', '0', '2013-11-05 10:10:05', '0', '', '', '', '0', 'no', '0', '0', 0),
(1020, 'blank', '2013.12.19', '12:28', 'Вася', '', '', '', '140:3500:1', 3500, '', '', 0, 3500, '', '', '', '', '0', '2013-12-19 11:28:28', '0', '', '', '', '0', 'no', '0', '0', 1387438108),
(1021, 'blank', '2013.12.19', '12:31', '0', '', '', '', '140:3500:1', 3500, '', '', 0, 3500, '', '', '', '', '0', '2013-12-19 11:31:32', '0', '', '', '', '0', 'no', '0', '0', 1387438292),
(1022, 'blank', '2013.12.19', '12:33', '0', '', '', '', '140:3500:1', 3500, '', '', 0, 3500, '', '', '', '', '0', '2013-12-19 11:33:22', '0', '', '', '', '0', 'no', '0', '0', 1387438402),
(1023, 'blank', '2013.12.19', '12:42', 'barbara', '', '', '', '153:1500:1', 1500, '', '', 0, 1500, '', '', '', '', '0', '2013-12-19 11:42:02', '0', '', '', '', '0', 'no', '0', '0', 1387438922),
(1024, 'blank', '2013.12.19', '12:42', 'fhvghh', '', '', '', '155:2000:1', 2000, '', '', 0, 2000, '', '', '', '', '0', '2013-12-19 11:42:55', '0', '', '', '', '0', 'no', '0', '0', 1387438975),
(1025, 'blank', '2013.12.19', '14:29', 'asd', '', '', '', '152:1000:1|184:6550:1|184:6550:1', 14100, '', '', 0, 14100, '', '', '', '', '0', '2013-12-19 13:29:45', '0', '', '', '', '0', 'no', '0', '0', 1387445385),
(1026, 'blank', '2013.12.19', '17:13', 'sjsjdj', '', '', '', '180:3550:1', 3550, '', '', 0, 3550, '', '', '', '', '0', '2013-12-19 16:13:00', '0', '', '', '', '0', 'no', '0', '0', 1387455180),
(1027, 'blank', '2013.12.23', '16:45', 'asd', '', '', '', '192:1300:1|155:2000:1|155:2000:1', 5300, '', '', 0, 5300, '', '', '', '', '0', '2013-12-23 15:45:50', '0', '', '', '', '0', 'no', '0', '0', 1387799149),
(1028, 'blank', '2013.12.25', '22:32', 'Андрей', '', '', '', '177:3550:1', 3550, '', '', 0, 3550, '', '', '', '', '0', '2013-12-25 21:32:07', '0', '', '', '', '0', 'no', '0', '0', 1387992727),
(1029, 'blank', '2013.12.26', '19:23', 'Foggy', '', '', '', '208:2900:1', 2900, '', '', 0, 2900, '', '', '', '', '0', '2013-12-26 18:23:51', '0', '', '', '', '0', 'no', '0', '0', 1388067831),
(1030, 'blank', '2013.12.27', '17:51', 'a', '', '', '', '140:3500:1|140:3500:1', 7000, '', '', 0, 7000, '', '', '', '', '0', '2013-12-27 16:51:40', '0', '', '', '', '0', 'no', '0', '0', 1388148700),
(1031, 'blank', '2013.12.27', '19:31', 'Тест Василий', '', '', '', '202:1700:1', 1700, '', '', 0, 1700, '', '', '', '', '0', '2013-12-27 18:31:15', '0', '', '', '', '0', 'no', '0', '0', 1388154675),
(1032, 'blank', '2013.12.27', '19:34', 'Тест', '', '', '', '202:1700:1', 1700, '', '', 0, 1700, '', '', '', '', '0', '2013-12-27 18:34:20', '0', '', '', '', '0', 'no', '0', '0', 1388154860),
(1033, 'blank', '2013.12.27', '19:40', 'Тест Василий', '', '', '', '202:1700:1', 1700, '', '', 0, 1700, '', '', '', '', '0', '2013-12-27 18:40:13', '0', '', '', '', '0', 'no', '0', '0', 1388155213),
(1034, 'blank', '2013.12.27', '19:40', 'ТЕст', '', '', '', '202:1700:1', 1700, '', '', 0, 1700, '', '', '', '', '0', '2013-12-27 18:40:58', '0', '', '', '', '0', 'no', '0', '0', 1388155258),
(1035, 'blank', '2013.12.28', '19:42', 'Наташа', '', '+7 (927) 651-36-08', '', '204:1500:1|205:2590:1', 4090, '', '', 0, 4090, '', '', '', '', '0', '2013-12-28 18:42:46', '0', '', '', '', '0', 'no', '0', '0', 1388241766),
(1036, 'blank', '2013.12.28', '21:11', 'Андрей', '', '+7 (927) 651-36-08', '', '151:3000:1', 3000, '', '', 0, 3000, '', '', '', '', '0', '2013-12-28 20:11:57', '0', '', '', '', '0', 'no', '0', '0', 1388247117),
(1037, 'blank', '2013.12.30', '18:00', 'Василий', '', '+7 (888) 888-88-88', '', '196:2600:1', 2600, '', '', 0, 2600, '', '', '', '', '0', '2013-12-30 17:00:49', '0', '', '', '', '0', 'no', '0', '0', 1388408449),
(1038, 'blank', '2013.12.30', '18:01', 'ф', '', '+7 (000) 000-00-00', '', '196:2600:1', 2600, '', '', 0, 2600, '', '', '', '', '0', '2013-12-30 17:01:50', '0', '', '', '', '0', 'no', '0', '0', 1388408510),
(1039, 'blank', '2013.12.30', '18:37', 'Тестовый заказ через ENTER', '', '+7 (000) 000-00-00', '', '140:3500:1', 3500, '', '', 0, 3500, '', '', '', '', '0', '2013-12-30 17:37:11', '0', '', '', '', '0', 'no', '0', '0', 1388410631),
(1040, 'blank', '2013.12.31', '15:56', 'Андрей', '', '+7 (927) 651-36-08', '', '215:4900:1', 4900, '', '', 0, 4900, '', '', '', '', '0', '2013-12-31 14:56:10', '0', '', '', '', '0', 'no', '0', '0', 1388487370),
(1041, 'blank', '2013.12.31', '15:58', 'Андрей', '', '+7 (927) 651-36-08', '', '214:5200:1', 5200, '', '', 0, 5200, '', '', '', '', '0', '2013-12-31 14:58:57', '0', '', '', '', '0', 'no', '0', '0', 1388487537),
(1042, 'blank', '2014.01.10', '15:42', 'Алексей', '', '+7 (964) 987-82-06', '', '239:4500:1|239:4500:1', 9000, '', '', 0, 9000, '', '', '', '', '0', '2014-01-10 14:42:38', '0', '', '', '', '0', 'no', '0', '0', 1389350558),
(1043, 'blank', '2014.01.10', '15:45', 'пр', '', '+7 (566) 678-87-66', '', '213:1600:1', 1600, '', '', 0, 1600, '', '', '', '', '0', '2014-01-10 14:45:16', '0', '', '', '', '0', 'no', '0', '0', 1389350716),
(1044, 'blank', '2014.01.10', '15:49', 'barbara', '', '+7 (456) 778-86-43', '', '147:2500:1|155:2000:1', 4500, '', '', 0, 4500, '', '', '', '', '0', '2014-01-10 14:49:12', '0', '', '', '', '0', 'no', '0', '0', 1389350952),
(1045, 'blank', '2014.01.10', '15:53', 'Иваныч', '', '+7 (456) 666-66-66', '', '235:1600:1', 1600, '', '', 0, 1600, '', '', '', '', '0', '2014-01-10 14:53:19', '0', '', '', '', '0', 'no', '0', '0', 1389351199),
(1046, 'blank', '2014.01.10', '16:02', 'ghffgjvffhfd', '', '+7 (456) 644-33-45', '', '154:2000:1', 2000, '', '', 0, 2000, '', '', '', '', '0', '2014-01-10 15:02:48', '0', '', '', '', '0', 'no', '0', '0', 1389351768),
(1047, 'blank', '2014.01.10', '17:21', '2342432', '', '+7 (234) 242-32-42', '', '193:1600:1|214:5200:1', 6800, '', '', 0, 6800, '', '', '', '', '0', '2014-01-10 16:21:19', '0', '', '', '', '0', 'no', '0', '0', 1389356479),
(1048, 'blank', '2014.01.14', '12:47', 'Тест разных цен продукта', '', '+7 (888) 888-88-88', '', '263:5500:1:109|140:3800:1:118', 9300, '', '', 0, 9300, '', '', '', '', '0', '2014-01-14 11:47:37', '0', '', '', '', '0', 'no', '0', '0', 1389685657),
(1049, 'blank', '2014.01.14', '13:53', 'Тест количества роз', '', '+7 (888) 888-88-88', '', '189:2500:3:0|179:3250:101:0|179:3250:101:0|153:1500:999:0', 2162500, '', '', 0, 2162500, '', '', '', '', '0', '2014-01-14 12:53:43', '0', '', '', '', '0', 'no', '0', '0', 1389689623),
(1050, 'blank', '2014.01.14', '19:53', 'тест с телефона ', '', '+7 (987) 765-44-33', '', '263:5500:1:109|140:3800:5:118', 24500, '', '', 0, 24500, '', '', '', '', '0', '2014-01-14 18:53:22', '0', '', '', '', '0', 'no', '0', '0', 1389711202),
(1051, 'blank', '2014.01.15', '20:47', 'Алексей', '', '+7 (927) 742-47-07', '', '263:5500:1:109', 5500, '', '', 0, 5500, '', '', '', '', '0', '2014-01-15 19:47:19', '0', '', '', '', '0', 'no', '0', '0', 1389800839),
(1052, 'blank', '2014.01.30', '14:52', '1', '', '+7 (122) 342-34-23', '', '216:4600:1:0|222:50:3:220|223:150:1:210|218:90:1:135|224:100:1:194|225:80:1:0|154:2000:1:0|141:70:3:0', 7380, '', '', 0, 7380, '', '', '', '', '0', '2014-01-30 13:52:54', '0', '', '', '', '0', 'no', '0', '0', 1391075574),
(1053, 'blank', '2014.02.12', '17:04', 'Тест Арткрим', '', '+7 (000) 000-00-00', '', '248:1500:1:0', 1500, '', '', 0, 1500, '', '', '', '', '0', '2014-02-12 16:04:54', '0', '', '', '', '0', 'no', '0', '0', 1392206694),
(1054, 'blank', '2014.02.12', '17:05', 'тест', '', '+7 (000) 000-00-00', '', '248:1500:1:0', 1500, '', '', 0, 1500, '', '', '', '', '0', '2014-02-12 16:05:42', '0', '', '', '', '0', 'no', '0', '0', 1392206742),
(1055, 'blank', '2014.03.02', '18:57', 'Натали', '', '+7 (917) 946-69-49', '', '312:1050:1:291', 1050, '', '', 0, 1050, '', '', '', '', '0', '2014-03-02 17:57:25', '0', '', '', '', '0', 'no', '0', '0', 1393768645),
(1056, 'blank', '2014.03.05', '09:38', 'Андрей', '', '+7 (927) 726-07-38', '', '309:500:1:273', 500, '', '', 0, 500, '', '', '', '', '0', '2014-03-05 08:38:02', '0', '', '', '', '0', 'no', '0', '0', 1393994282),
(1057, 'blank', '2014.03.06', '19:40', 'Данил', '', '+7 (905) 019-51-41', '', '308:1000:7:353', 7000, '', '', 0, 7000, '', '', '', '', '0', '2014-03-06 18:40:47', '0', '', '', '', '0', 'no', '0', '0', 1394116847),
(1058, 'blank', '2014.03.06', '19:59', 'Данил', '', '+7 (905) 019-51-41', '', '309:1000:7:272', 7000, '', '', 0, 7000, '', '', '', '', '0', '2014-03-06 18:59:18', '0', '', '', '', '0', 'no', '0', '0', 1394117958),
(1059, 'blank', '2014.04.03', '13:42', 'Данил', '', '+7 (905) 019-51-41', '', '327:1400:1:0', 1400, '', '', 0, 1400, '', '', '', '', '0', '2014-04-03 12:42:14', '0', '', '', '', '0', 'no', '0', '0', 1396514534),
(1060, 'blank', '2015.02.13', '18:39', 'антон', '', '+7 (919) 603-52-80', '', '329:120:13:330', 1560, '', '', 0, 1560, '', '', '', '', '0', '2015-02-13 18:39:11', '0', '', '', '', '0', 'no', '0', '0', 1423838351),
(1061, 'blank', '2015.03.28', '09:42', 'Юлия', '', '+7 (927) 106-96-99', '', '333:120:7:334', 840, '', '', 0, 840, '', '', '', '', '0', '2015-03-28 09:42:08', '0', '', '', '', '0', 'no', '0', '0', 1427521328),
(1062, 'blank', '2015.07.13', '22:00', 'марина', '', '+7 (909) 145-59-12', '', '329:120:9:330', 1080, '', '', 0, 1080, '', '', '', '', '0', '2015-07-13 22:00:49', '0', '', '', '', '0', 'no', '0', '0', 1436810449);

-- --------------------------------------------------------

--
-- Table structure for table `orders_status`
--

CREATE TABLE IF NOT EXISTS `orders_status` (
  `id` int(11) NOT NULL AUTO_INCREMENT,
  `name` varchar(255) NOT NULL,
  `many_name` varchar(255) NOT NULL,
  `uri` varchar(255) NOT NULL,
  PRIMARY KEY (`id`)
) ENGINE=InnoDB  DEFAULT CHARSET=utf8 AUTO_INCREMENT=7 ;

--
-- Dumping data for table `orders_status`
--

INSERT INTO `orders_status` (`id`, `name`, `many_name`, `uri`) VALUES
(1, 'Новый', 'Новые', 'new'),
(2, 'Подтрержденный', 'Подтрержденные', 'confirmed'),
(3, 'Отправленный', 'Отправленные', 'sended'),
(4, 'Завершенный', 'Завершенные', 'completed'),
(5, 'Несформированный', 'Несформированные', 'blank'),
(6, 'Удаленный', 'Удаленные', 'deleted');

-- --------------------------------------------------------

--
-- Table structure for table `others_products`
--

CREATE TABLE IF NOT EXISTS `others_products` (
  `id` int(11) NOT NULL AUTO_INCREMENT,
  `prod_id` int(11) NOT NULL,
  `others` text NOT NULL,
  PRIMARY KEY (`id`)
) ENGINE=InnoDB  DEFAULT CHARSET=utf8 AUTO_INCREMENT=66 ;

--
-- Dumping data for table `others_products`
--

INSERT INTO `others_products` (`id`, `prod_id`, `others`) VALUES
(33, 139, '|139:/uploads/81x84//buketi_nevesti/a9c74d6a3173a937289b262431a4a317.jpg'),
(34, 140, ''),
(35, 153, '|156:/uploads/81x84//undefined/5105e68c503b71f4a7a58e48abac2f7e.jpg|146:/uploads/81x84//undefined/092b50879195101d9d32a87b38bf47de.jpg|155:/uploads/81x84//undefined/0c9c6092cb41e3e200cf11e9a21b94e3.jpg|154:/uploads/81x84//undefined/90108aa73ecfc1504054d92c3e66db40.jpg'),
(36, 186, '|193:/uploads/81x84//undefined/d50b175e053e6e7bade1639899b6c3d2.jpg'),
(37, 201, '|140:/uploads/81x84//undefined/7ddc7a32d55147eb35084ae642eb2db5.jpg|153:/uploads/81x84//undefined/452b5e1f4167175bc1d98b7599f1c04c.jpg|176:/uploads/81x84//inst/441def240901d96c0fd148695c7a3f29.jpg'),
(38, 202, '|140:/uploads/81x84//undefined/7ddc7a32d55147eb35084ae642eb2db5.jpg|153:/uploads/81x84//undefined/452b5e1f4167175bc1d98b7599f1c04c.jpg|202:/uploads/81x84//undefined/3b73ef5e72e3d27593d46ef6870bc78c.jpg|192:/uploads/81x84//inst/d9e64670ad0b4001888a54f56b9f8355.jpg|150:/uploads/81x84//undefined/ff921cee7b6ff63a00670fd700027d76.jpg|188:/uploads/81x84//inst/84e5201b353bd051a659b9d6da417aac.jpg|191:/uploads/81x84//inst/be352863472e90e30a8cbf68a6ff053a.jpg|147:/uploads/81x84//undefined/b67c6ff3ee1df8b7e28e5303a31e3fe5.jpg|148:/uploads/81x84//undefined/7483b725e7b9d3ffa26650ad17a2fd3c.jpg|149:/uploads/81x84//undefined/859edd39e6e4daf1e0decaae33c4dfe1.jpg|156:/uploads/81x84//undefined/5105e68c503b71f4a7a58e48abac2f7e.jpg'),
(39, 203, '|192:/uploads/81x84//inst/d9e64670ad0b4001888a54f56b9f8355.jpg|193:/uploads/81x84//undefined/d50b175e053e6e7bade1639899b6c3d2.jpg|140:/uploads/81x84//undefined/7ddc7a32d55147eb35084ae642eb2db5.jpg|186:/uploads/81x84//inst/b729c64b1b683d682c396ca4e919d491.jpg|202:/uploads/81x84//undefined/3b73ef5e72e3d27593d46ef6870bc78c.jpg|150:/uploads/81x84//undefined/ff921cee7b6ff63a00670fd700027d76.jpg|151:/uploads/81x84//undefined/d29d39a10979720cb98ad2eb01879bdc.jpg'),
(40, 204, '|203:/uploads/81x84//undefined/0f65a672a1796722d943289bbeafd4c3.jpg|204:/uploads/81x84//undefined/968b3bbaa61284220b7add485250a358.jpg|148:/uploads/81x84//undefined/7483b725e7b9d3ffa26650ad17a2fd3c.jpg|149:/uploads/81x84//undefined/859edd39e6e4daf1e0decaae33c4dfe1.jpg'),
(41, 205, '|203:/uploads/81x84//undefined/0f65a672a1796722d943289bbeafd4c3.jpg|204:/uploads/81x84//undefined/968b3bbaa61284220b7add485250a358.jpg|205:/uploads/81x84//undefined/6651614d712e2e9eec54608c26170c11.jpg|149:/uploads/81x84//undefined/859edd39e6e4daf1e0decaae33c4dfe1.jpg|148:/uploads/81x84//undefined/7483b725e7b9d3ffa26650ad17a2fd3c.jpg|195:/uploads/81x84//undefined/998eb54fbaef56c9af54e4e931a81798.jpg'),
(42, 206, '|203:/uploads/81x84//undefined/0f65a672a1796722d943289bbeafd4c3.jpg|205:/uploads/81x84//undefined/6651614d712e2e9eec54608c26170c11.jpg|204:/uploads/81x84//undefined/968b3bbaa61284220b7add485250a358.jpg|206:/uploads/81x84//undefined/40a676814d22c7ac48eb29b7070bda16.jpg|149:/uploads/81x84//undefined/859edd39e6e4daf1e0decaae33c4dfe1.jpg|148:/uploads/81x84//undefined/7483b725e7b9d3ffa26650ad17a2fd3c.jpg|195:/uploads/81x84//undefined/998eb54fbaef56c9af54e4e931a81798.jpg'),
(43, 207, '|146:/uploads/81x84//undefined/092b50879195101d9d32a87b38bf47de.jpg|154:/uploads/81x84//undefined/90108aa73ecfc1504054d92c3e66db40.jpg|155:/uploads/81x84//undefined/0c9c6092cb41e3e200cf11e9a21b94e3.jpg|156:/uploads/81x84//undefined/5105e68c503b71f4a7a58e48abac2f7e.jpg'),
(44, 208, '|146:/uploads/81x84//undefined/092b50879195101d9d32a87b38bf47de.jpg|154:/uploads/81x84//undefined/90108aa73ecfc1504054d92c3e66db40.jpg|156:/uploads/81x84//undefined/5105e68c503b71f4a7a58e48abac2f7e.jpg|155:/uploads/81x84//undefined/0c9c6092cb41e3e200cf11e9a21b94e3.jpg'),
(45, 209, '|154:/uploads/81x84//undefined/90108aa73ecfc1504054d92c3e66db40.jpg'),
(46, 210, '|146:/uploads/81x84//undefined/092b50879195101d9d32a87b38bf47de.jpg|154:/uploads/81x84//undefined/90108aa73ecfc1504054d92c3e66db40.jpg|155:/uploads/81x84//undefined/0c9c6092cb41e3e200cf11e9a21b94e3.jpg|156:/uploads/81x84//undefined/5105e68c503b71f4a7a58e48abac2f7e.jpg'),
(47, 213, '|146:/uploads/81x84//undefined/092b50879195101d9d32a87b38bf47de.jpg|154:/uploads/81x84//undefined/90108aa73ecfc1504054d92c3e66db40.jpg|155:/uploads/81x84//undefined/0c9c6092cb41e3e200cf11e9a21b94e3.jpg|156:/uploads/81x84//undefined/5105e68c503b71f4a7a58e48abac2f7e.jpg|216:/uploads/81x84//undefined/009fca58554aeb69fc5e01844f2998f7.jpg|211:/uploads/81x84//undefined/6382687b8a0660fe084690aee0a92d92.jpg|210:/uploads/81x84//undefined/e4d792a7a27e7f8cb446c479e8fb2c24.jpg'),
(48, 214, '|155:/uploads/81x84//undefined/0c9c6092cb41e3e200cf11e9a21b94e3.jpg|156:/uploads/81x84//undefined/5105e68c503b71f4a7a58e48abac2f7e.jpg|146:/uploads/81x84//undefined/092b50879195101d9d32a87b38bf47de.jpg|154:/uploads/81x84//undefined/90108aa73ecfc1504054d92c3e66db40.jpg'),
(49, 215, '|154:/uploads/81x84//undefined/90108aa73ecfc1504054d92c3e66db40.jpg|155:/uploads/81x84//undefined/0c9c6092cb41e3e200cf11e9a21b94e3.jpg'),
(50, 216, '|154:/uploads/81x84//undefined/90108aa73ecfc1504054d92c3e66db40.jpg|155:/uploads/81x84//undefined/0c9c6092cb41e3e200cf11e9a21b94e3.jpg'),
(51, 217, '|154:/uploads/81x84//undefined/90108aa73ecfc1504054d92c3e66db40.jpg|155:/uploads/81x84//undefined/0c9c6092cb41e3e200cf11e9a21b94e3.jpg|156:/uploads/81x84//undefined/5105e68c503b71f4a7a58e48abac2f7e.jpg'),
(52, 218, '|154:/uploads/81x84//undefined/90108aa73ecfc1504054d92c3e66db40.jpg|155:/uploads/81x84//undefined/0c9c6092cb41e3e200cf11e9a21b94e3.jpg|146:/uploads/81x84//undefined/092b50879195101d9d32a87b38bf47de.jpg'),
(53, 219, '|146:/uploads/81x84//undefined/092b50879195101d9d32a87b38bf47de.jpg|155:/uploads/81x84//undefined/0c9c6092cb41e3e200cf11e9a21b94e3.jpg'),
(54, 221, '|155:/uploads/81x84//undefined/0c9c6092cb41e3e200cf11e9a21b94e3.jpg|146:/uploads/81x84//undefined/092b50879195101d9d32a87b38bf47de.jpg'),
(55, 222, '|154:/uploads/81x84//undefined/90108aa73ecfc1504054d92c3e66db40.jpg|156:/uploads/81x84//undefined/5105e68c503b71f4a7a58e48abac2f7e.jpg'),
(56, 223, '|154:/uploads/81x84//undefined/90108aa73ecfc1504054d92c3e66db40.jpg|146:/uploads/81x84//undefined/092b50879195101d9d32a87b38bf47de.jpg'),
(57, 224, '|146:/uploads/81x84//undefined/092b50879195101d9d32a87b38bf47de.jpg|156:/uploads/81x84//undefined/5105e68c503b71f4a7a58e48abac2f7e.jpg|155:/uploads/81x84//undefined/0c9c6092cb41e3e200cf11e9a21b94e3.jpg|154:/uploads/81x84//undefined/90108aa73ecfc1504054d92c3e66db40.jpg'),
(58, 225, '|155:/uploads/81x84//undefined/0c9c6092cb41e3e200cf11e9a21b94e3.jpg|154:/uploads/81x84//undefined/90108aa73ecfc1504054d92c3e66db40.jpg|146:/uploads/81x84//undefined/092b50879195101d9d32a87b38bf47de.jpg|156:/uploads/81x84//undefined/5105e68c503b71f4a7a58e48abac2f7e.jpg'),
(59, 179, '|154:/uploads/81x84//undefined/90108aa73ecfc1504054d92c3e66db40.jpg|155:/uploads/81x84//undefined/0c9c6092cb41e3e200cf11e9a21b94e3.jpg|156:/uploads/81x84//undefined/5105e68c503b71f4a7a58e48abac2f7e.jpg|146:/uploads/81x84//undefined/092b50879195101d9d32a87b38bf47de.jpg'),
(60, 251, '|146:/uploads/81x84//undefined/092b50879195101d9d32a87b38bf47de.jpg|154:/uploads/81x84//undefined/90108aa73ecfc1504054d92c3e66db40.jpg|155:/uploads/81x84//undefined/0c9c6092cb41e3e200cf11e9a21b94e3.jpg|156:/uploads/81x84//undefined/5105e68c503b71f4a7a58e48abac2f7e.jpg|197:/uploads/81x84//undefined/64646ec8b86ef4f05cf1d8d6cc3fae80.jpg'),
(61, 264, '|154:/uploads/81x84//undefined/90108aa73ecfc1504054d92c3e66db40.jpg|155:/uploads/81x84//undefined/0c9c6092cb41e3e200cf11e9a21b94e3.jpg|156:/uploads/81x84//undefined/5105e68c503b71f4a7a58e48abac2f7e.jpg|146:/uploads/81x84//undefined/092b50879195101d9d32a87b38bf47de.jpg'),
(62, 176, '|263:/uploads/81x84//undefined/1b483941d8c56b3ab296a2527ac25c45.jpg|146:/uploads/81x84//undefined/092b50879195101d9d32a87b38bf47de.jpg|265:/uploads/81x84//inst/5a7685025bd73d169cb23dcba1e66747.jpg|156:/uploads/81x84//undefined/5105e68c503b71f4a7a58e48abac2f7e.jpg|154:/uploads/81x84//undefined/90108aa73ecfc1504054d92c3e66db40.jpg|155:/uploads/81x84//undefined/0c9c6092cb41e3e200cf11e9a21b94e3.jpg'),
(63, 220, '|263:/uploads/81x84//undefined/1b483941d8c56b3ab296a2527ac25c45.jpg'),
(64, 337, '|340:/uploads/81x84//undefined/d5769a10c8a1eaed27f3fedfddb4f40e.jpg'),
(65, 345, '');

-- --------------------------------------------------------

--
-- Table structure for table `pages`
--

CREATE TABLE IF NOT EXISTS `pages` (
  `id` int(11) NOT NULL AUTO_INCREMENT,
  `name` varchar(255) NOT NULL,
  `uri` varchar(255) NOT NULL,
  `img` text NOT NULL,
  `counter` text NOT NULL,
  `text` text NOT NULL,
  `meta_title` varchar(255) NOT NULL,
  `meta_keywords` varchar(255) NOT NULL,
  `meta_description` text NOT NULL,
  `map_link` text NOT NULL,
  `addres` text NOT NULL,
  `mode` text NOT NULL,
  PRIMARY KEY (`id`)
) ENGINE=InnoDB  DEFAULT CHARSET=utf8 AUTO_INCREMENT=8 ;

--
-- Dumping data for table `pages`
--

INSERT INTO `pages` (`id`, `name`, `uri`, `img`, `counter`, `text`, `meta_title`, `meta_keywords`, `meta_description`, `map_link`, `addres`, `mode`) VALUES
(1, ' Главная', '/', '', '<!-- Yandex.Metrika counter -->\n<script type="text/javascript">\n(function (d, w, c) {\n    (w[c] = w[c] || []).push(function() {\n        try {\n            w.yaCounter24162886 = new Ya.Metrika({id:24162886,\n                    webvisor:true,\n                    clickmap:true,\n                    trackLinks:true,\n                    accurateTrackBounce:true});\n        } catch(e) { }\n    });\n\n    var n = d.getElementsByTagName("script")[0],\n        s = d.createElement("script"),\n        f = function () { n.parentNode.insertBefore(s, n); };\n    s.type = "text/javascript";\n    s.async = true;\n    s.src = (d.location.protocol == "https:" ? "https:" : "http:") + "//mc.yandex.ru/metrika/watch.js";\n\n    if (w.opera == "[object Opera]") {\n        d.addEventListener("DOMContentLoaded", f, false);\n    } else { f(); }\n})(document, window, "yandex_metrika_callbacks");\n</script>\n<noscript><div><img src="//mc.yandex.ru/watch/24162886" style="position:absolute; left:-9999px;" alt="" /></div></noscript>\n<!-- /Yandex.Metrika counter -->', '<p>Мы занимаемся продажей цветов с 1984 года. Тогда это было 3 букета в день из гладиолусов, выращенных на огороде.&nbsp;</p>\n\n<p>С тех времен цветочное дело стало нашим семейным. Опыт, который мы нарабатывали годами, позволил нам:</p><ul><li>открыть два магазина, которые успешно функционируют;</li><li>оборудовать места для хранения цветов при оптимальной температуре;</li><li>научиться организовывать поставку цветов в таком количестве, чтобы реализовывать их всегда свежими;</li><li>научиться делать красивые букеты из разнообразных цветов, любого объема и для всякого повода;</li><li>найти и обучить 6 замечательных флористов, которые творят прекрасные букеты;</li><li>узнать и понять, как перевозить и хранить живые цветы, сохраняя их свежими долгие дни.</li></ul>\n<p><br></p><p>В<span style="line-height: 1.45em;">&nbsp;2014 году мы решили открыть свой сайт-каталог, а в будущем и полноценный интернет-магазин, чтобы наши постоянные клиенты могли выбирать и заказывать букеты в удобном месте, в любое время суток.&nbsp;</span></p>\n<h2>Закажите букет цветов в Кинеле</h2><p>Чтобы сделать заказ, положите понравившиеся букеты в корзину, предварительно выбрав необходимое количество. Заполните поля Имя и Телефон, и мы свяжемся с вами, чтобы уточнить детали в течение часа.&nbsp;</p><p>Также вы можете связаться с нами по почте&nbsp;<a href="mailto:my@flowersvillage.ru"><b>my@flowersvillage.ru</b></a>&nbsp;или просто позвонить по телефону&nbsp;<b>8&nbsp;(937) 074-12-84</b>.</p><p><br></p><p>Если вы не нашли букет вашей мечты в нашем каталоге, дайте нам об этом знать, и мы обязательно придумаем, как воплотить вашу идею!</p>', 'Магазин цветов в Кинеле и Кинельском районе', 'заказ, купить, букет, цветы, доставка, самарская область, кинель, розы, тюльпаны', 'Купить цветы, свадебный букет, композицию из цветов в Кинеле. Большой выбор свежих цветов и горшечных растений в наличии и под заказ.', '', '', ''),
(7, 'Контакты ', 'contacts', '', '', '<p><span style="line-height: 1.45em;"></span></p><p>Мы занимаемся продажей цветов с 1984 года. Тогда это было 3 букета в день из гладиолусов, выращенных на огороде.&nbsp;</p><p>С тех времен цветочное дело стало нашим семейным. Опыт, который мы нарабатывали годами, позволил нам:</p><ul><li>открыть два магазина, которые успешно функционируют;</li><li>оборудовать помещения для хранения цветов при оптимальной температуре;</li><li>научиться организовывать поставку цветов в таком количестве, чтобы реализовывать их всегда свежими;</li><li>научиться делать красивые букеты из разнообразных цветов, любого объема и для всякого повода;</li><li>найти и обучить 6 замечательных флористов, которые творят прекрасные букеты;</li><li>узнать и понять, как перевозить и хранить живые цветы, сохраняя их свежими долгие дни.</li></ul><p>В&nbsp;2014 году мы решили открыть свой сайт-каталог, а в будущем и полноценный интернет-магазин, чтобы наши постоянные клиенты могли выбирать и заказывать букеты в удобном месте, в любое время суток.&nbsp;</p><h2><br></h2>', 'Контакты цветочного магазина Мария в городе Кинель', '', 'Салон цветов Мария расположен на привокзальной площади города Кинель. В наличии свежие цветы и горшечные растения.', '', '<div itemscope="" itemtype="http://schema.org/Florist">\n  <span itemprop="name">Цветочный салон <b>Мария</b></span>, Месторасположение: <span itemprop="location">Привокзальная площадь г.Кинель</span>.<br>\n  <div itemprop="address" itemscope="" itemtype="http://schema.org/PostalAddress"><br>\n    Адрес:\n    <span itemprop="streetAddress">Октябрьская, 64в</span>, <span itemprop="addressLocality">Кинель</span>,\n<span itemprop="addressRegion">Кинельский район, Самарская область.</span></div><br>\n  Заказы по телефону:&nbsp;<b><span itemprop="telephone">+7 937 074-12-84</span></b>,\n<br>\n   Электронная почта: <a href="mailto:my@flowersvillage.ru"><span itemprop="email">my@flowersvillage.ru</span></a>\n<time itemprop="openingHours" datetime="Mo-Su 08:00−20:00"></time>\n</div>', '<p>C 8 утра до 7 вечера</p><p>Без выходных</p>');

-- --------------------------------------------------------

--
-- Table structure for table `photosessions`
--

CREATE TABLE IF NOT EXISTS `photosessions` (
  `id` int(11) NOT NULL AUTO_INCREMENT,
  `name` varchar(255) NOT NULL,
  `category` varchar(255) NOT NULL,
  `date` varchar(255) NOT NULL,
  `img` text NOT NULL,
  `no_active` enum('0','1') NOT NULL,
  PRIMARY KEY (`id`)
) ENGINE=InnoDB DEFAULT CHARSET=utf8 AUTO_INCREMENT=1 ;

--
-- Dumping data for table `photosessions`
--


-- --------------------------------------------------------

--
-- Table structure for table `products`
--

CREATE TABLE IF NOT EXISTS `products` (
  `id` int(11) NOT NULL AUTO_INCREMENT,
  `name` varchar(255) NOT NULL,
  `price` int(11) NOT NULL,
  `cat_id` int(11) NOT NULL,
  `img` text NOT NULL,
  `rating` int(11) NOT NULL,
  `orders` int(11) NOT NULL,
  `meta_title` varchar(255) NOT NULL,
  `meta_keywords` varchar(255) NOT NULL,
  `meta_description` text NOT NULL,
  `visibly` enum('1','0') NOT NULL,
  `features_id` int(11) NOT NULL,
  `hot` tinyint(1) NOT NULL DEFAULT '0',
  `instagram_hash` varchar(255) NOT NULL,
  PRIMARY KEY (`id`)
) ENGINE=InnoDB  DEFAULT CHARSET=utf8 AUTO_INCREMENT=346 ;

--
-- Dumping data for table `products`
--

INSERT INTO `products` (`id`, `name`, `price`, `cat_id`, `img`, `rating`, `orders`, `meta_title`, `meta_keywords`, `meta_description`, `visibly`, `features_id`, `hot`, `instagram_hash`) VALUES
(194, 'Товар', 2400, 84, '|/undefined/2538f9f33c3a7c82997bc7bc3d32ba34.jpg|/undefined/b891322028cb6582930099076d7f4da2.jpg', 4, 15, '', '', '', '1', 0, 0, ''),
(196, 'Товар №1', 2600, 84, '|/undefined/4b0ff1c3cdd0dcc045c84130f087684c.jpg|/undefined/94b68b0c0fc860684f553dbeca33745f.jpg', 0, 17, '', '', '', '1', 0, 1, ''),
(197, 'Букет тюльпанов №10', 2400, 84, '|/undefined/f5eab6221e488459fc8e6a21ef847e64.jpg|/undefined/64646ec8b86ef4f05cf1d8d6cc3fae80.jpg', 5, 18, '', '', '', '1', 0, 0, ''),
(198, 'Товар №3', 1900, 84, '|/undefined/112468bc878981ab79d7b355967d6cbb.jpg|/undefined/9e20423b22974701a6f947614e5c43ff.jpg', 0, 16, '', '', '', '1', 0, 0, ''),
(200, 'Товар №5', 1000, 84, '|/undefined/86b7e36ffc3c1f4ad274feea43f78999.jpg|/undefined/c721c14bc5a2c4f6d01d79184d3cc34e.jpg', 0, 19, '', '', '', '1', 0, 1, ''),
(267, 'Новый товар 267', 1600, 0, '|/undefined/2e81c835e10acd53d20d3d6d942967df.jpg|/undefined/7d336e38bf0f709a46834681fafaa952.jpg|/undefined/929433be6ce920650b712abe66d30e96.jpg|/undefined/b8a5026e5d45789a69012c3e3643e632.jpg', 0, 4, '', '', '', '1', 0, 0, ''),
(268, 'Новый товар 268', 1800, 0, '|/undefined/5df8121d031fe9b88246724c7b2b8c10.jpg|/undefined/f0f2cd9d267aa33c2f746dfd6a43e65f.jpg', 0, 16, '', '', '', '1', 0, 0, ''),
(269, 'Новый товар 269', 1900, 0, '|/undefined/649a47938f25e7f9f64a2f20b3dfc7a8.jpg|/undefined/856778d6738e41fc667cd87375ff050b.jpg|/undefined/4671e808a36df10bd81d744dc3cdcbf2.jpg|/undefined/826f961056aa2d139569929338ca8625.jpg', 0, 22, '', '', '', '1', 0, 0, ''),
(270, 'Новый товар 270', 1700, 0, '|/undefined/da882a4abeb76c1981f788e71177cb85.jpg|/undefined/18df8ebe507714611d0ef033e7330f1b.jpg', 0, 28, '', '', '', '1', 0, 0, ''),
(271, 'Новый товар 271', 2100, 0, '|/undefined/d2e7eec40cd38a1336891b53d7d338dc.jpg|/undefined/0777af0c473e379c0c4c729ec650e75b.jpg', 0, 5, '', '', '', '1', 0, 0, ''),
(272, 'Новый товар 272', 1800, 0, '|/undefined/55f093b6f9cdc5c75925cfa24fc6757b.jpg|/undefined/b9cc22d2c831078c9c2424ed7903e9d0.jpg', 0, 11, '', '', '', '1', 0, 0, ''),
(273, 'Новый товар 273', 2300, 0, '|/undefined/63e35e23b70a8bb188d7de978ebde2f6.jpg', 0, 20, '', '', '', '1', 0, 0, ''),
(274, 'Новый товар 274', 1600, 0, '|/undefined/067784e2c176277b9ebc3131db35bf03.jpg|/undefined/7b2cbc23f7c89650bfb8d784fae5f99a.jpg', 0, 29, '', '', '', '1', 0, 0, ''),
(275, 'Новый товар 275', 1600, 0, '|/undefined/75f5d2efe850fca41f27c656b38f09fa.jpg', 0, 23, '', '', '', '1', 0, 0, ''),
(276, 'Новый товар 276', 1800, 0, '|/undefined/eec21780b2c4fd92d0f3f118e2ac203d.jpg', 0, 15, '', '', '', '1', 0, 0, ''),
(277, 'Новый товар 277', 2800, 0, '|/undefined/577be3bb1b8a5a161fbae797c74087b3.jpg|/undefined/dc46954d194a179d1011c5c3add6ddc2.jpg', 0, 9, '', '', '', '1', 0, 0, ''),
(278, 'Новый товар 278', 1500, 0, '|/undefined/2ee8a2a6077cbfe52bed7be795776741.jpg|/undefined/440a6a5eb0229a696d851f498ab471b7.jpg', 0, 30, '', '', '', '1', 0, 0, ''),
(279, 'Новый товар 279', 3500, 0, '|/undefined/f72e389c5b600270ddef71231bb5e15f.jpg|/undefined/378f9fb736e74413a3680fb6a98d9d4e.jpg', 0, 7, '', '', '', '1', 0, 0, ''),
(280, 'Новый товар 280', 2400, 0, '|/undefined/b1061bb5d68d72d3a3a5f08f0dbd04c2.jpg|/undefined/f70dd560fe39637759a9f44c973ceae7.jpg', 0, 25, '', '', '', '1', 0, 0, ''),
(281, 'Новый товар 281', 1600, 0, '|/undefined/98501da016d9a529e4286bb52367f0f1.jpg|/undefined/357f31d9f3896aa345627361d28eb96f.jpg', 0, 6, '', '', '', '1', 0, 0, ''),
(282, 'Новый товар 282', 3400, 0, '|/undefined/79b120aa68790a74f26961fa481bba4a.jpg|/undefined/edbc7a6f1084bc53f447dffa02b01b9b.jpg|/undefined/264ced3c2921b0848333f38bcf35b1f7.jpg', 0, 12, '', '', '', '1', 0, 0, ''),
(283, 'Новый товар 283', 1700, 0, '|/undefined/f904d5af85b7c9bfc70f356954571a86.jpg|/undefined/33b6e37b5f4f0721a791be63f0b47fe4.jpg', 0, 17, '', '', '', '1', 0, 0, ''),
(284, 'Новый товар 284', 2100, 0, '|/undefined/3c4ae0e67695b1b85590b49d2599c9e6.jpg|/undefined/1ab820f0a2c686c7e052ceba1755bdf7.jpg', 0, 10, '', '', '', '1', 0, 1, ''),
(285, 'Новый товар 285', 2400, 0, '|/undefined/5cc1c2e80b8031cb4859f3466cde6ccd.jpg|/undefined/c7abd498b97ce3281f9eed8aec25c596.jpg', 0, 19, '', '', '', '1', 0, 0, ''),
(286, 'Новый товар 286', 1700, 0, '|/undefined/621a5816ff099304fbd6180f4a012e3c.jpg|/undefined/dbb46d698526d356cb88e1eaa7eeccf4.jpg', 0, 27, '', '', '', '1', 0, 0, ''),
(287, 'Новый товар 287', 1500, 0, '|/undefined/c52e57d6504dbbbad3032fc1d24e87a9.jpg|/undefined/5deede41aebb27d13c732c1f1e758fc4.jpg', 0, 26, '', '', '', '1', 0, 0, ''),
(288, 'Новый товар 288', 2600, 0, '|/undefined/de1666e1aa2288bf29a721e23d723347.jpg|/undefined/b03981723a2041e72d1fff7ee7eacf82.jpg', 0, 21, '', '', '', '1', 0, 0, ''),
(289, 'Новый товар 289', 2500, 0, '|/undefined/dff0c0c18dedd3662dee57a5007408c6.jpg', 0, 18, '', '', '', '1', 0, 0, ''),
(290, 'Новый товар 290', 4500, 0, '|/undefined/e7a9e6028fc1d280c843e4efc1e7f4a7.jpg|/undefined/dda69d875b1dd1dd99868442a7af9357.jpg', 0, 32, '', '', '', '0', 0, 0, ''),
(291, 'Новый товар 291', 2600, 0, '|/undefined/3853f6c199780a3c185497fdf2201a45.jpg|/undefined/09ec5b364c8d976c023824639b4f8178.jpg', 0, 31, '', '', '', '1', 0, 0, ''),
(292, 'Новый товар 292', 2500, 0, '|/undefined/98a290ae33c97ad8045d56019b7a6379.jpg', 0, 8, '', '', '', '1', 0, 0, ''),
(293, 'Новый товар 293', 4200, 0, '|/undefined/9adc64d8d1df1bfb785fa64ec670907a.jpg|/undefined/607baeb1bd8c7421bed8d9481cb3e06d.jpg', 0, 33, '', '', '', '0', 0, 0, ''),
(294, 'Новый товар 294', 2000, 0, '|/undefined/d2164da295d1d8a23b13369f4ad24204.jpg|/undefined/04c7e7e8dfffc758fd99147c4a63f273.jpg', 0, 24, '', '', '', '1', 0, 1, ''),
(295, 'Новый товар 295', 2400, 0, '|/undefined/d0f1c90d4fdb27f8868cab01e2d83167.jpg', 0, 14, '', '', '', '1', 0, 0, ''),
(296, 'Новый товар 296', 2300, 0, '|/undefined/f3a5847e04571f16c9466717e6f8a11d.jpg', 0, 13, '', '', '', '1', 0, 0, ''),
(297, 'Новый товар 297', 4900, 0, '|/undefined/f9eafdd0e15edc8df43e5c1463773355.jpg', 0, 6, '', '', '', '1', 0, 0, ''),
(307, 'Букет тюльпанов №1', 500, 0, '|/undefined/272e0d2c3d95eaa479262066f7f88610.jpg|/undefined/5d440d0ce6989dd48c0f4248e4f33f39.jpg|/undefined/1c84dc05d781596118084d22c77203ef.jpg', 0, 3, '', '', '', '1', 0, 0, ''),
(308, 'Букет тюльпанов №2', 1000, 0, '|/undefined/f9f5e2014237a858b04867855bcf4308.jpg|/undefined/bc1e27278354bcd5aaeac2b35071547f.jpg', 0, 10, '', '', '', '1', 0, 1, ''),
(309, 'Букет тюльпанов №3', 500, 0, '|/undefined/d876c9f7cf453d8a89bc09a569df65f0.jpg|/undefined/9fdd747ba589226497f722de3d68f1ec.jpg|/undefined/fc4c7ea8e95de079dc2188c403120609.jpg|/undefined/57a52fcf636bd32d21132752056ffcf3.jpg', 0, 8, '', '', '', '1', 0, 1, ''),
(311, 'Букет тюльпанов №4', 500, 0, '|/undefined/ec9ce35e6128f60e0f0295a36a6bea41.jpg|/undefined/daa2df1fb2bd8be2280b5f9202bdd035.jpg', 0, 6, '', '', '', '1', 0, 0, ''),
(312, 'Букет тюльпанов №5', 1050, 0, '|/undefined/27730033f198c5cc761450883ff5053a.jpg|/undefined/856c1ac1a5e9ddf58c72dec935b81b9e.jpg|/undefined/cf85f8ef4f726dbe523371a151f02c36.jpg|/undefined/f8fbe1b2eb4dc9473614486a222a233c.jpg', 0, 13, '', '', '', '1', 0, 1, ''),
(313, 'Букет тюльпанов №6', 650, 0, '|/undefined/073ac1b7c34982fe99a39af274355dc7.jpg|/undefined/284d674a42e57546c9d113bfa9d9f53d.jpg|/undefined/0a4743d6099d1765b92a26e877b5723a.jpg|/undefined/56721c8fc18cbabc3425257224dfcf0f.jpg|/undefined/52b8ba8a8cb14b5e8c41d26e965ac7e1.jpg|/undefined/73a7e8446ba168655dee882407ebfb32.jpg', 0, 9, '', '', '', '1', 0, 1, ''),
(315, 'Кремовый медвежонок', 2500, 0, '|/undefined/b05584402dad9465e4d37170b48bd025.jpg|/undefined/aca30aa536b71b4a5f0a6739b28e5265.jpg|/undefined/9e174a61049e46448fc4c0bf9b0340af.jpg|/undefined/f07f794fdb70dbd26ba3301d6f92d27a.jpg', 0, 2, '', '', '', '1', 0, 0, ''),
(317, 'Букет тюльпанов №7', 1050, 0, '|/undefined/ba6cd276d1518642d8a6643179445214.jpg|/undefined/c15ccaa0fe7d24623517aa96a2595538.jpg|/undefined/dbf6beee7e711712d4c09ab708dc6f18.jpg|/undefined/cffedc42e1778837d33926906011eede.jpg', 0, 12, '', '', '', '1', 0, 1, ''),
(318, 'Новый товар 318', 2800, 0, '|/undefined/e6dedd22b67a51b61f89db5f6d57b335.jpg|/undefined/4dae783f84242f0625420d7179b3d038.jpg|/undefined/db131c16bf66ae11c6cc9555fc793f53.jpg', 0, 1, '', '', '', '1', 0, 0, ''),
(319, 'Букет тюльпанов №8', 1000, 0, '|/undefined/8499e8227d7ba3ee78b1f61f81c4a15c.jpg|/undefined/d7129b61a6c7c726e2b2b937f091f2cd.jpg|/undefined/78241db8f1ab46260f3cb483019d517b.jpg|/undefined/4403f855cbbe707f9b77bd7f86159e2e.jpg', 0, 5, '', '', '', '1', 0, 0, ''),
(320, 'Букет тюльпанов №9', 500, 0, '|/undefined/1e2f1d49dd98e6e2729817421d5f8761.jpg|/undefined/7c2414d88aeb112813e35fc89757ba91.jpg|/undefined/65a930fe98eaa06898efade83489bcc8.jpg', 0, 14, '', '', '', '1', 0, 0, ''),
(322, 'Розовый зайчонок', 2500, 0, '|/undefined/81db4125edf3249fde158f8bb3827553.jpg|/undefined/1961f68ce3b22f1c7a7588fbbb1e3e51.jpg|/undefined/c15b9fdef1b85bdb2d0fc820ca15f09e.jpg|/undefined/fbdb83344de07747ce28287835704c30.jpg|/undefined/8e48185feb68e70068a6d412d2c99c11.jpg', 0, 1, '', '', '', '1', 0, 0, ''),
(323, 'Новый товар 323', 1300, 0, '|/undefined/c82d41d0d746e81379b1e9d500130523.jpg|/undefined/fad571e49abda08b060210d6434e8b2a.jpg', 0, 7, '', '', '', '1', 0, 0, ''),
(324, 'Новый товар 324', 1000, 0, '|/undefined/6433833fba9cc2d57805a6f38df3af51.jpg|/undefined/b7953b372f7c8af663c76574dedb4501.jpg', 0, 4, '', '', '', '1', 0, 1, ''),
(325, 'Новый товар 325', 1000, 0, '|/undefined/656ac6b32819f55cf39b2057a8d125dc.jpg|/undefined/65a9f6f2916c690c15af3b674a6dbbfb.jpg|/undefined/9e7a77a2556f72016ed1dbb596e52149.jpg', 0, 11, '', '', '', '1', 0, 0, ''),
(327, 'Новый товар 326', 1400, 0, '|/undefined/ba1d71146c1626935766a872d1940266.jpg|/undefined/bf062b0bc2a49505c41541410a7a5b82.jpg|/undefined/f7b4b79831019e34dbdc304d971c2b9f.jpg', 0, 2, '', '', '', '1', 0, 1, ''),
(329, 'Розы 1', 120, 0, '|/undefined/10f18828b1861ee7a52707b4ce6964de.jpg|/undefined/dadca4aa7015f63422e7604a066f5b6e.jpg', 0, 7, '', '', '', '1', 0, 0, ''),
(330, 'Розы 2', 120, 0, '|/undefined/ee78701a65ff4a9e99805b61bad6cdc4.jpg|/undefined/f44f9bb424459e2c1394babaff70f30e.jpg|/undefined/90b0b0d292c1790fd70350fc43d4524b.jpg', 0, 6, '', '', '', '1', 0, 0, ''),
(331, 'Розы 3', 120, 0, '|/undefined/5e431fb6c9f601a6d9795eb649d29337.jpg|/undefined/3f6c6094c05d2ed170dab7710b33618a.jpg|/undefined/3918cce5496302f455ed45adb6891bb7.jpg', 0, 5, '', '', '', '1', 0, 0, ''),
(332, 'Розы 4', 120, 0, '|/undefined/b41b65aa289d80376f81b40f7537b529.jpg|/undefined/124095d7443cc3bd5bf0fb9f32e9e62c.jpg', 0, 3, '', '', '', '1', 0, 0, ''),
(333, 'Розы 6', 120, 0, '|/undefined/09f3a6cadb69324d1b2f3efebe28d237.jpg|/undefined/444af468237bf351593d745ba05fdcbb.jpg|/undefined/c47db51ddfbc913949444e4e6254fe8b.jpg', 0, 4, '', '', '', '1', 0, 0, ''),
(334, 'Розы 5', 120, 0, '|/undefined/128eac63158ebf83c4a50eafa1012112.jpg|/undefined/7b96b4f14e1dace92e98a68edbf55b63.jpg|/undefined/896a1088bffd436c24971e51d9344576.jpg', 0, 2, '', '', '', '1', 0, 0, ''),
(335, 'Розы 7', 100, 0, '|/undefined/ec30d320dc0f7f1c6459292dcd9cf72c.jpg|/undefined/2aa8734abe7a9f56257d5f5bc4bc577d.jpg', 0, 1, '', '', '', '1', 0, 0, ''),
(336, 'Свадебный букет 1', 3500, 0, '|/undefined/9ad0e43348fc901070210125955c7a38.jpg|/undefined/00dbadf97fa0eef32249c606577cca78.jpg', 0, 3, '', '', '', '1', 0, 1, ''),
(337, 'Свадебный букет 2', 3200, 0, '|/undefined/7df3b4a217e82bee16e040281cd7333f.jpg|/undefined/6027d7b1c970609e6adef23c1dcbca8e.jpg', 0, 2, '', '', '', '1', 0, 0, ''),
(338, 'Свадебный букет 3', 1900, 0, '|/undefined/56f7b1e77508c4519482365b083d70dd.jpg|/undefined/309094c76071e4725914962268973295.jpg|/undefined/c00352b3d119d70b31b0085618f01411.jpg', 0, 1, '', '', '', '1', 0, 0, ''),
(339, 'Бутоньерка 1', 150, 0, '|/undefined/db1199ed4faa98c646904ae6a432a5a2.jpg', 0, 0, '', '', '', '1', 0, 0, ''),
(340, 'Бутоньерка 2', 150, 0, '|/undefined/d5769a10c8a1eaed27f3fedfddb4f40e.jpg', 0, 0, '', '', '', '1', 0, 0, ''),
(341, 'Бутоньерка 3', 150, 0, '|/undefined/5c9ed54df961457b59a3b814944de96f.jpg|/undefined/1b29b806b0d1f3fba1999e6ea6ca331f.jpg', 0, 0, '', '', '', '1', 0, 0, ''),
(345, 'Корзинка Сердечко', 2600, 0, '|/undefined/73a160c2b7c0b548019a4d9980fe5d91.jpg', 0, 0, '', '', '', '1', 0, 1, '');

-- --------------------------------------------------------

--
-- Table structure for table `products_category`
--

CREATE TABLE IF NOT EXISTS `products_category` (
  `id` int(11) NOT NULL AUTO_INCREMENT,
  `product_id` int(11) NOT NULL,
  `category_id` int(11) NOT NULL,
  PRIMARY KEY (`id`)
) ENGINE=InnoDB  DEFAULT CHARSET=utf8 AUTO_INCREMENT=406 ;

--
-- Dumping data for table `products_category`
--

INSERT INTO `products_category` (`id`, `product_id`, `category_id`) VALUES
(18, 139, 74),
(19, 139, 75),
(20, 139, 76),
(21, 144, 73),
(67, 142, 73),
(72, 141, 73),
(74, 145, 73),
(75, 146, 83),
(77, 148, 75),
(78, 149, 75),
(81, 152, 73),
(82, 153, 73),
(83, 154, 83),
(84, 155, 83),
(85, 156, 83),
(86, 157, 73),
(87, 158, 73),
(88, 159, 73),
(109, 172, 73),
(110, 172, 84),
(111, 173, 73),
(112, 173, 84),
(132, 160, 73),
(134, 160, 84),
(137, 174, 73),
(141, 175, 73),
(142, 175, 75),
(143, 175, 84),
(144, 176, 73),
(145, 177, 73),
(146, 178, 73),
(147, 179, 73),
(148, 180, 73),
(149, 181, 73),
(150, 182, 73),
(151, 183, 73),
(152, 184, 73),
(153, 185, 73),
(154, 186, 84),
(155, 187, 73),
(157, 189, 73),
(158, 190, 73),
(164, 193, 84),
(179, 194, 84),
(180, 195, 75),
(181, 196, 84),
(183, 198, 84),
(184, 199, 84),
(185, 200, 84),
(191, 203, 75),
(192, 204, 75),
(193, 205, 75),
(194, 206, 75),
(195, 207, 75),
(196, 208, 75),
(206, 192, 85),
(207, 209, 84),
(208, 210, 75),
(209, 211, 75),
(210, 212, 75),
(211, 213, 75),
(213, 214, 75),
(214, 215, 75),
(215, 216, 75),
(216, 217, 75),
(218, 218, 73),
(219, 219, 73),
(220, 220, 73),
(221, 221, 73),
(222, 222, 73),
(223, 223, 73),
(224, 224, 73),
(225, 225, 73),
(226, 231, 84),
(227, 232, 84),
(228, 235, 73),
(229, 236, 73),
(230, 237, 73),
(231, 238, 73),
(232, 239, 74),
(233, 240, 83),
(234, 241, 73),
(235, 242, 84),
(236, 243, 85),
(237, 244, 84),
(238, 245, 84),
(239, 246, 83),
(242, 249, 73),
(243, 250, 73),
(245, 252, 75),
(246, 253, 75),
(247, 254, 73),
(248, 255, 73),
(249, 262, 84),
(250, 260, 84),
(252, 264, 75),
(253, 265, 83),
(256, 140, 73),
(265, 201, 84),
(269, 202, 84),
(278, 188, 84),
(281, 191, 84),
(286, 150, 84),
(289, 151, 84),
(291, 267, 74),
(292, 268, 74),
(293, 269, 74),
(294, 270, 74),
(295, 271, 74),
(296, 272, 74),
(297, 273, 74),
(298, 274, 74),
(299, 275, 74),
(300, 276, 74),
(301, 277, 74),
(302, 278, 74),
(303, 279, 74),
(304, 280, 74),
(305, 281, 74),
(306, 282, 74),
(307, 283, 74),
(308, 284, 74),
(309, 285, 74),
(310, 286, 74),
(311, 287, 74),
(312, 288, 74),
(313, 289, 74),
(314, 290, 74),
(315, 291, 74),
(316, 292, 74),
(317, 293, 74),
(318, 294, 74),
(320, 296, 74),
(322, 263, 84),
(323, 263, 85),
(324, 147, 84),
(325, 147, 85),
(326, 299, 83),
(327, 300, 83),
(328, 301, 83),
(329, 302, 83),
(330, 303, 83),
(331, 304, 83),
(332, 305, 83),
(340, 295, 74),
(345, 308, 84),
(346, 308, 85),
(348, 309, 84),
(349, 309, 85),
(354, 312, 84),
(355, 312, 85),
(357, 313, 84),
(358, 313, 85),
(359, 315, 83),
(361, 317, 84),
(362, 317, 85),
(364, 320, 84),
(365, 320, 85),
(366, 322, 83),
(367, 324, 84),
(368, 325, 84),
(369, 323, 84),
(370, 327, 84),
(372, 319, 84),
(373, 319, 85),
(374, 318, 84),
(375, 329, 73),
(376, 330, 73),
(377, 331, 73),
(378, 332, 73),
(379, 333, 73),
(380, 334, 73),
(381, 335, 73),
(382, 336, 74),
(383, 337, 74),
(385, 338, 74),
(386, 197, 84),
(387, 197, 85),
(388, 345, 75),
(389, 297, 75),
(392, 311, 84),
(393, 311, 85),
(394, 346, 84),
(395, 307, 84),
(396, 307, 85),
(399, 247, 74),
(400, 248, 74),
(401, 347, 86),
(402, 341, 86),
(403, 340, 86),
(404, 339, 86),
(405, 348, 73);

-- --------------------------------------------------------

--
-- Table structure for table `reviews`
--

CREATE TABLE IF NOT EXISTS `reviews` (
  `id` int(11) NOT NULL AUTO_INCREMENT,
  `ts` int(11) NOT NULL,
  `img` text NOT NULL,
  `name` varchar(255) NOT NULL,
  `spec` varchar(255) NOT NULL,
  `text` text NOT NULL,
  `visibly` enum('1','0') NOT NULL,
  `vk` text NOT NULL,
  PRIMARY KEY (`id`)
) ENGINE=InnoDB  DEFAULT CHARSET=utf8 AUTO_INCREMENT=7 ;

--
-- Dumping data for table `reviews`
--

INSERT INTO `reviews` (`id`, `ts`, `img`, `name`, `spec`, `text`, `visibly`, `vk`) VALUES
(3, 1348707001, 'reviews/619eb1ad3cca2a965a2e34d5fbd656e4.jpg', 'Сергей Шарапов1', 'Директор ООО www', 'Выражаем вам искреннюю благодарность за успешное сотрудничество, высокий профессионализм, ответственность и компетентность сотрудников вашей компании. Все произведенные в 2012 году в наш адрес отгрузки щебня были выполнены с опережением графика, качество продукции полностью отвечает заявленным требованиям.\n\nВ вашем лице мы нашли надежного партнера и высоко ценим нашу совместную работу. Желаем вам непрерывного развития и достижения новых профессиональных высот.', '1', ''),
(4, 1352707001, 'reviews/f0913b3b91ba04648009745b6fdf8970.jpg', 'Марат Бедратдинов', 'Инженер', 'Заказывал бетон М250 для заливки фундамента дома. Очень порадовал сервис компании — удобен процесса заказа, очень много разной полезной информации на сайте. Отдельное спасибо Алексею, очень вежливо и доходчиво проконсультировал по маркам бетона и целям их применения. Миксер приехал в тот же день, в который и заказывал. Большое вам спасибо!', '1', ''),
(5, 1368322376, 'reviews/85588a2690ef5ceb537b0f3de10f814d.jpg', 'Федор Кузьменко', 'Частник', 'Здравствуйте! Заказывал у вашей компании щебень, привезли быстро, всем доволен.', '1', ''),
(6, 1369322994, 'reviews/5f67a1cb8d977ac15e4413f1843013aa.jpg', 'Александр Бородин', '', 'Здравствуйте! Строил дачу, понадобился песок для цемента. Нашел ваш сайт, быстро оформил заказ, на следующий день приехал камаз. Большое спасибо!\n\n\n\n\n\n', '1', '');

-- --------------------------------------------------------

--
-- Table structure for table `sections`
--

CREATE TABLE IF NOT EXISTS `sections` (
  `id` int(11) NOT NULL AUTO_INCREMENT,
  `name` varchar(255) NOT NULL,
  `uri` varchar(255) NOT NULL,
  `orders` int(11) NOT NULL,
  `visibly` tinyint(4) NOT NULL DEFAULT '1',
  `tocatalog` tinyint(1) NOT NULL DEFAULT '0',
  PRIMARY KEY (`id`)
) ENGINE=InnoDB  DEFAULT CHARSET=utf8 AUTO_INCREMENT=3 ;

--
-- Dumping data for table `sections`
--

INSERT INTO `sections` (`id`, `name`, `uri`, `orders`, `visibly`, `tocatalog`) VALUES
(1, 'Цветы', 'flowers', 0, 1, 1),
(2, 'Дополнительные товары', 'dop_tovari', 0, 1, 0);

-- --------------------------------------------------------

--
-- Table structure for table `stores`
--

CREATE TABLE IF NOT EXISTS `stores` (
  `id` int(11) NOT NULL AUTO_INCREMENT,
  `name` varchar(255) NOT NULL,
  `adress` varchar(255) NOT NULL,
  `descs` text NOT NULL,
  `out_url` text NOT NULL,
  `img` text NOT NULL,
  PRIMARY KEY (`id`)
) ENGINE=InnoDB DEFAULT CHARSET=utf8 AUTO_INCREMENT=1 ;

--
-- Dumping data for table `stores`
--


-- --------------------------------------------------------

--
-- Table structure for table `users`
--

CREATE TABLE IF NOT EXISTS `users` (
  `id` int(11) NOT NULL AUTO_INCREMENT,
  `username` varchar(20) NOT NULL,
  `password` varchar(128) NOT NULL,
  `email` varchar(128) NOT NULL,
  `activkey` varchar(128) NOT NULL DEFAULT '',
  `createtime` int(10) NOT NULL DEFAULT '0',
  `lastvisit` int(10) NOT NULL DEFAULT '0',
  `superuser` int(1) NOT NULL DEFAULT '0',
  `status` int(1) NOT NULL DEFAULT '0',
  `so` varchar(255) NOT NULL,
  PRIMARY KEY (`id`),
  UNIQUE KEY `username` (`username`),
  UNIQUE KEY `email` (`email`),
  KEY `status` (`status`),
  KEY `superuser` (`superuser`)
) ENGINE=InnoDB  DEFAULT CHARSET=utf8 AUTO_INCREMENT=7 ;

--
-- Dumping data for table `users`
--

INSERT INTO `users` (`id`, `username`, `password`, `email`, `activkey`, `createtime`, `lastvisit`, `superuser`, `status`, `so`) VALUES
(4, 'Administrator', 'da564b4f418900c99da5e7ee06d77191', '', '62f9c62f9cd3ba12debe5f8d62f9cd3ba12deb', 1261146094, 1261146094, 1, 1, '158356761'),
(6, 'Superadmin', '62f9cd3ba12debe5f8d65f3453449979', 'a@artcream.ru', '62f9cd3ba12debe5f8d65f3453449979', 0, 0, 0, 1, '949436477');
